NHS England Region ,Code,Name,Up to 01-Mar-20,01-Mar-20,02-Mar-20,03-Mar-20,04-Mar-20,05-Mar-20,06-Mar-20,07-Mar-20,08-Mar-20,09-Mar-20,10-Mar-20,11-Mar-20,12-Mar-20,13-Mar-20,14-Mar-20,15-Mar-20,16-Mar-20,17-Mar-20,18-Mar-20,19-Mar-20,20-Mar-20,21-Mar-20,22-Mar-20,23-Mar-20,24-Mar-20,25-Mar-20,26-Mar-20,27-Mar-20,28-Mar-20,29-Mar-20,30-Mar-20,31-Mar-20,01-Apr-20,02-Apr-20,03-Apr-20,04-Apr-20,05-Apr-20,06-Apr-20,07-Apr-20,08-Apr-20,09-Apr-20,10-Apr-20,11-Apr-20,12-Apr-20,13-Apr-20,14-Apr-20,15-Apr-20,16-Apr-20,17-Apr-20,18-Apr-20,19-Apr-20,20-Apr-20,21-Apr-20,22-Apr-20,23-Apr-20,24-Apr-20,25-Apr-20,26-Apr-20,27-Apr-20,28-Apr-20,29-Apr-20,30-Apr-20,01-May-20,02-May-20,03-May-20,04-May-20,05-May-20,06-May-20,07-May-20,08-May-20,09-May-20,10-May-20,11-May-20,12-May-20,13-May-20,14-May-20,15-May-20,16-May-20,17-May-20,18-May-20,19-May-20,20-May-20,21-May-20,22-May-20,23-May-20,24-May-20,25-May-20,26-May-20,27-May-20,28-May-20,29-May-20,30-May-20,31-May-20,01-Jun-20,02-Jun-20,03-Jun-20,04-Jun-20,05-Jun-20,06-Jun-20,07-Jun-20,08-Jun-20,09-Jun-20,10-Jun-20,11-Jun-20,12-Jun-20,13-Jun-20,14-Jun-20,15-Jun-20,16-Jun-20,17-Jun-20,18-Jun-20,19-Jun-20,20-Jun-20,21-Jun-20,22-Jun-20,23-Jun-20,24-Jun-20,25-Jun-20,26-Jun-20,27-Jun-20,28-Jun-20,29-Jun-20,30-Jun-20,01-Jul-20,02-Jul-20,03-Jul-20,04-Jul-20,05-Jul-20,06-Jul-20,07-Jul-20,08-Jul-20,09-Jul-20,10-Jul-20,11-Jul-20,12-Jul-20,13-Jul-20,14-Jul-20,15-Jul-20,16-Jul-20,17-Jul-20,18-Jul-20,19-Jul-20,20-Jul-20,21-Jul-20,22-Jul-20,23-Jul-20,24-Jul-20,25-Jul-20,26-Jul-20,27-Jul-20,28-Jul-20,29-Jul-20,30-Jul-20,31-Jul-20,01-Aug-20,02-Aug-20,03-Aug-20,04-Aug-20,05-Aug-20,06-Aug-20,07-Aug-20,08-Aug-20,09-Aug-20,10-Aug-20,11-Aug-20,12-Aug-20,13-Aug-20,14-Aug-20,15-Aug-20,16-Aug-20,17-Aug-20,18-Aug-20,19-Aug-20
East Of England,NQ108,ANGLIAN COMMUNITY ENTERPRISE CIC - CLACTON HOSPITAL,0,0,0,0,0,0,0,0,0,0,0,0,0,0,0,0,0,0,0,0,0,0,0,0,0,0,0,0,0,0,0,0,0,0,0,0,0,0,1,0,0,0,0,0,0,0,0,0,0,0,0,0,0,0,0,0,0,0,0,0,0,0,0,0,0,0,0,0,0,0,1,0,0,0,0,0,0,1,0,0,0,0,0,0,0,0,0,0,1,0,0,0,0,0,0,0,0,0,0,0,0,0,0,0,0,0,0,0,0,0,0,0,0,0,0,0,0,0,0,0,0,0,0,0,0,0,0,0,0,0,0,0,0,0,0,0,0,0,0,0,0,0,0,0,0,0,0,0,0,0,0,0,0,0,0,0,0,0,0,0,0,0,0,0,0,0,0,0,0,0,0,0,0
East Of England,NQ106,ANGLIAN COMMUNITY ENTERPRISE CIC - FRYATT HOSPITAL,0,0,0,0,0,0,0,0,0,0,0,0,0,0,0,0,0,0,0,0,0,0,0,0,0,0,0,0,0,0,0,0,0,0,0,0,0,0,1,0,1,1,0,1,2,2,0,0,2,0,0,0,0,0,0,2,1,0,0,2,0,0,0,1,3,0,0,0,0,0,1,0,0,0,1,0,0,0,0,0,1,0,0,0,1,0,0,0,0,1,0,0,0,0,0,0,0,0,0,0,0,0,0,0,0,0,0,1,0,0,0,0,0,0,0,0,0,0,0,0,0,0,0,0,0,0,0,0,0,0,0,0,0,0,0,0,0,0,0,0,0,0,0,0,0,0,0,0,0,0,0,0,0,0,0,0,0,0,0,0,0,0,0,0,0,0,0,0,0,0,0,0,0
East Of England,RDD,BASILDON AND THURROCK UNIVERSITY HOSPITALS NHS FOUNDATION TRUST,0,0,0,0,0,0,0,0,0,0,0,0,0,0,1,0,0,0,0,1,0,0,0,0,2,1,4,5,1,6,6,11,7,5,8,9,8,8,7,12,11,11,8,14,11,10,10,6,2,8,7,4,3,7,1,9,4,1,2,5,4,0,2,3,3,0,1,0,2,1,3,3,1,1,0,1,0,0,0,0,1,0,1,3,1,1,1,2,0,0,2,2,1,0,0,0,1,1,1,0,1,0,1,0,1,0,2,1,1,1,0,4,1,1,3,2,2,0,1,0,3,0,0,0,0,0,1,0,0,0,0,0,0,0,0,1,0,0,0,0,0,0,0,0,0,0,1,0,0,0,1,0,0,0,0,0,0,0,0,0,0,0,0,0,0,0,0,0,0,0,0,0,0
East Of England,RC1,BEDFORD HOSPITAL NHS TRUST,0,0,0,0,0,0,0,0,0,0,0,0,0,0,0,0,0,0,0,0,0,1,0,0,1,1,4,2,1,1,2,4,2,2,4,1,6,2,4,8,4,4,6,6,1,4,5,4,3,3,3,5,5,2,5,2,2,0,3,5,0,5,2,1,2,0,4,4,4,1,4,0,1,2,0,4,1,3,1,2,2,3,0,1,0,0,5,2,1,2,2,0,0,2,3,1,1,7,1,2,0,1,1,0,1,0,0,2,1,2,0,0,3,0,0,0,1,1,1,4,1,1,1,0,1,0,1,0,1,0,0,1,0,0,0,3,1,0,0,0,0,0,0,0,1,0,0,0,0,1,0,0,0,0,0,0,0,0,1,0,0,0,0,0,0,0,0,0,0,0,0,0,0
East Of England,RGT,CAMBRIDGE UNIVERSITY HOSPITALS NHS FOUNDATION TRUST,0,0,0,0,0,0,0,0,0,0,0,0,0,0,0,0,0,0,0,0,0,1,0,0,0,0,0,0,2,0,1,2,1,2,4,2,1,2,3,4,3,3,6,1,4,3,2,3,9,2,2,3,3,6,4,0,3,2,2,0,4,3,3,3,0,0,4,2,1,1,1,0,1,1,2,1,2,0,0,1,1,0,0,0,1,0,0,0,0,0,1,0,1,1,0,1,0,0,0,0,0,1,0,0,0,1,0,0,0,0,0,0,0,0,0,0,0,0,0,0,0,0,0,0,0,0,0,0,0,0,0,0,0,0,0,0,0,0,0,0,0,0,0,0,0,0,0,0,0,0,0,0,0,0,0,0,0,0,0,0,0,0,0,0,0,0,0,0,0,0,0,0,0
East Of England,RT1,CAMBRIDGESHIRE AND PETERBOROUGH NHS FOUNDATION TRUST,0,0,0,0,0,0,0,0,0,0,0,0,0,0,0,0,0,0,0,0,0,0,0,0,0,0,0,0,0,0,0,0,0,0,0,0,0,0,0,0,1,0,0,0,0,0,0,0,0,0,0,0,0,0,0,0,0,0,0,0,0,0,0,0,0,0,0,0,0,0,0,0,0,0,0,0,0,0,0,0,0,0,0,0,0,0,0,0,0,0,0,0,0,0,0,0,0,0,0,0,0,0,0,0,0,0,0,0,0,0,0,0,0,0,0,0,0,0,0,0,0,0,0,0,0,0,0,0,0,0,0,0,0,0,0,0,0,0,0,0,0,0,0,0,0,0,0,0,0,0,0,0,0,0,0,0,0,0,0,0,0,0,0,0,0,0,0,0,0,0,0,0,0
East Of England,RWH,EAST AND NORTH HERTFORDSHIRE NHS TRUST,0,0,0,0,0,0,0,0,0,0,0,0,0,0,0,0,0,0,0,1,0,0,0,1,2,1,1,1,2,3,3,3,3,7,4,4,5,4,4,6,3,1,3,6,7,1,5,3,3,2,2,5,4,2,2,4,1,1,3,1,1,6,1,0,5,0,2,2,2,0,2,2,0,3,1,2,2,3,1,1,1,0,1,1,0,0,0,0,1,2,2,0,1,0,0,1,0,0,0,0,0,0,1,0,0,0,0,0,0,0,0,1,0,0,0,0,0,0,0,0,0,1,0,0,0,0,0,0,0,0,0,1,0,0,0,1,0,0,0,0,0,0,0,0,0,0,0,0,1,0,0,0,0,0,0,0,0,0,0,0,0,0,0,0,0,0,0,0,0,0,0,0,0
East Of England,NAX03,EAST COAST COMMUNITY HEALTHCARE - BECCLES HOSPITAL,0,0,0,0,0,0,0,0,0,0,0,0,0,0,0,0,0,0,0,0,0,0,0,0,0,0,0,0,0,0,0,0,0,0,0,0,0,0,0,0,1,0,0,0,0,0,0,0,0,0,0,1,0,0,0,0,0,0,0,0,0,0,1,0,0,0,0,0,0,0,0,0,0,0,0,0,0,0,0,0,0,0,0,0,0,0,0,0,0,0,0,0,0,0,0,0,0,0,0,0,0,0,0,0,0,0,0,0,0,0,0,0,0,0,0,0,0,0,0,0,0,0,0,0,0,0,0,0,0,0,0,0,0,0,0,0,0,0,0,0,0,0,0,0,0,0,0,0,0,0,0,0,0,0,0,0,0,0,0,0,0,0,0,0,0,0,0,0,0,0,0,0,0
East Of England,RDE,EAST SUFFOLK AND NORTH ESSEX NHS FOUNDATION TRUST,0,0,0,0,0,0,0,0,0,0,0,0,0,0,0,0,0,0,1,0,0,2,2,0,1,3,5,4,6,4,5,3,5,8,5,7,7,6,9,16,10,6,10,13,7,5,6,6,15,7,6,7,9,6,2,4,12,7,7,9,3,4,8,4,3,3,3,5,5,3,3,4,2,1,1,3,1,0,1,2,1,5,2,0,2,3,3,2,2,1,1,1,0,2,0,1,1,0,1,0,1,1,2,1,1,0,1,1,0,0,0,1,0,0,0,0,0,0,0,0,0,1,0,0,1,0,0,0,0,0,0,0,0,1,0,0,1,0,0,0,0,0,0,0,0,0,0,0,0,0,0,0,0,1,0,0,0,0,0,0,0,0,0,0,0,0,0,0,0,0,0,0,0
East Of England,DE8,Elysium Healthcare Limited,0,0,0,0,0,0,0,0,0,0,0,0,0,0,0,0,0,0,0,0,0,0,0,0,0,0,0,0,0,0,0,0,0,0,0,0,0,0,0,0,0,0,1,0,0,0,0,0,0,0,0,0,0,0,0,0,0,0,0,0,0,0,0,0,0,0,0,0,0,0,0,0,0,0,0,0,0,0,0,0,0,0,0,0,0,0,0,0,0,0,0,0,0,0,0,0,0,0,0,0,0,0,0,0,0,0,0,0,0,0,0,0,0,0,0,0,0,0,0,0,0,0,0,0,0,0,0,0,0,0,0,0,0,0,0,0,0,0,0,0,0,0,0,0,0,0,0,0,0,0,0,0,0,0,0,0,0,0,0,0,0,0,0,0,0,0,0,0,0,0,0,0,0
East Of England,R1L,ESSEX PARTNERSHIP UNIVERSITY NHS FOUNDATION TRUST,0,0,0,0,0,0,0,0,0,0,0,0,0,0,0,0,0,0,0,0,0,0,0,0,0,0,1,1,0,0,0,0,2,1,0,2,0,0,0,0,0,1,0,0,0,0,0,2,0,1,0,1,0,0,0,0,0,1,1,0,0,0,0,0,1,0,0,0,0,1,0,0,0,0,0,0,0,0,0,0,0,0,0,0,0,0,0,0,0,0,0,1,0,0,0,0,0,0,0,0,0,0,0,0,0,0,0,0,0,0,0,0,0,0,0,0,0,0,0,0,0,0,0,0,0,0,0,0,0,0,0,0,0,0,0,0,0,0,0,0,0,0,0,0,0,0,0,0,0,0,0,0,0,0,0,0,0,0,0,0,0,0,0,0,0,0,0,0,0,0,0,0,0
East Of England,RY4,HERTFORDSHIRE COMMUNITY NHS TRUST,0,0,0,0,0,0,0,0,0,0,0,0,0,0,0,0,0,0,0,0,0,0,0,0,0,0,0,1,0,0,0,0,0,0,0,0,0,0,0,1,0,0,0,0,0,1,1,0,1,1,0,0,0,1,0,0,0,0,0,0,0,0,1,0,0,0,0,0,0,0,0,0,0,0,0,0,0,0,0,0,0,0,0,0,0,0,0,0,0,0,0,0,0,0,0,0,0,0,0,0,0,0,0,0,0,0,0,0,0,0,0,0,0,0,0,0,0,0,0,0,0,0,0,0,0,0,0,0,0,0,0,0,0,0,0,0,0,0,0,0,0,0,0,0,0,0,0,0,0,0,0,0,0,0,0,0,0,0,0,0,0,0,0,0,0,0,0,0,0,0,0,0,0
East Of England,RWR,HERTFORDSHIRE PARTNERSHIP UNIVERSITY NHS FOUNDATION TRUST,0,0,0,0,0,0,0,0,0,0,0,0,0,0,0,0,0,0,0,0,0,0,0,0,0,0,0,0,0,0,0,0,0,0,0,0,0,1,0,0,0,0,1,0,0,0,0,1,0,1,0,1,0,0,1,1,0,0,1,0,0,0,1,0,1,0,0,0,0,0,0,0,0,0,0,0,0,0,0,0,0,0,0,0,0,0,0,0,0,0,0,0,0,0,0,0,0,0,0,0,0,0,0,0,0,0,0,0,0,0,0,0,0,0,0,0,0,0,0,0,0,0,0,0,0,0,0,0,0,0,0,0,0,0,0,0,0,0,0,0,0,0,0,0,0,0,0,0,0,0,0,0,0,0,0,0,0,0,0,0,0,0,0,0,0,0,0,0,0,0,0,0,0
East Of England,RGP,JAMES PAGET UNIVERSITY HOSPITALS NHS FOUNDATION TRUST,0,0,0,0,0,0,0,0,0,0,0,0,0,0,0,0,0,0,0,0,0,0,0,0,0,0,0,0,1,1,1,3,0,4,3,2,5,1,1,3,4,2,5,2,5,2,3,2,4,3,4,1,1,3,4,0,3,4,3,0,2,0,5,3,2,0,1,1,1,1,0,2,0,1,1,1,1,1,1,0,0,2,1,0,1,1,2,1,0,0,0,0,0,1,1,0,0,0,0,0,0,0,0,0,0,0,0,1,0,0,1,0,0,0,0,0,0,0,0,0,1,0,0,0,0,0,0,0,0,0,0,0,0,0,0,0,0,0,0,0,0,0,0,0,0,0,0,0,0,0,0,0,0,0,0,0,0,0,0,0,0,0,0,0,0,0,0,0,0,0,0,0,0
East Of England,RC9,LUTON AND DUNSTABLE UNIVERSITY HOSPITAL NHS FOUNDATION TRUST,0,0,0,0,0,0,0,0,0,0,0,0,0,0,0,1,0,0,0,1,0,2,1,0,0,2,2,4,4,5,2,4,3,5,6,7,10,6,7,9,10,5,8,10,5,5,6,4,7,6,7,4,10,5,2,3,5,4,2,7,4,3,6,0,1,2,1,1,2,5,6,2,0,2,1,1,3,2,1,4,0,1,2,0,1,3,3,0,1,2,3,0,0,3,1,2,1,1,0,1,2,0,1,0,2,2,1,0,0,1,0,0,0,0,0,0,0,0,0,0,1,0,0,0,0,0,0,1,1,0,0,2,0,0,0,0,0,0,0,0,0,0,0,0,0,0,0,0,0,0,0,0,0,0,0,0,0,1,0,0,0,0,0,0,0,0,0,0,0,0,0,0,0
East Of England,RQ8,MID ESSEX HOSPITAL SERVICES NHS TRUST,0,0,1,0,0,0,0,0,0,0,0,0,0,1,0,0,1,0,0,0,0,0,2,1,3,2,6,2,1,6,4,4,3,3,4,5,6,9,4,5,4,6,7,2,4,6,5,4,3,2,4,5,3,3,3,8,3,1,1,1,4,6,1,1,1,1,1,1,1,4,0,1,2,1,0,0,0,1,3,2,1,2,0,3,1,1,1,1,0,0,0,0,1,1,2,0,0,0,0,0,0,0,0,0,0,0,0,0,0,0,0,0,0,0,0,0,0,0,0,1,0,0,0,0,0,0,0,0,0,0,0,0,1,0,1,0,0,0,0,0,0,0,0,0,0,0,0,0,0,0,0,0,0,0,0,0,0,0,0,0,0,0,0,0,0,0,0,0,0,0,0,0,0
East Of England,RD8,MILTON KEYNES UNIVERSITY HOSPITAL NHS FOUNDATION TRUST,0,0,0,0,0,0,1,0,0,0,0,0,0,0,1,1,0,0,2,0,0,1,1,1,1,3,4,1,0,0,2,3,4,0,4,5,1,3,5,2,1,5,0,2,5,1,4,4,4,0,4,2,5,0,5,2,1,0,0,1,2,2,1,0,1,0,0,0,0,0,0,1,2,0,1,0,0,0,0,0,0,0,0,0,0,0,0,1,0,0,0,0,0,0,0,0,0,0,0,0,0,0,0,0,0,0,0,0,0,0,0,0,0,0,0,0,0,0,0,0,0,0,0,0,0,0,1,0,0,0,0,0,0,0,0,0,0,0,0,0,0,0,0,0,0,0,0,0,0,0,0,0,0,0,0,0,0,0,0,0,0,0,0,0,0,0,0,0,0,0,0,0,0
East Of England,RM1,NORFOLK AND NORWICH UNIVERSITY HOSPITALS NHS FOUNDATION TRUST,0,0,0,0,0,0,0,0,0,0,0,0,0,0,0,0,0,0,0,0,1,0,1,0,0,2,0,2,2,2,0,3,4,3,4,1,4,1,0,4,2,2,3,6,1,2,7,2,3,4,1,4,3,3,3,3,2,2,3,1,0,0,1,1,4,1,1,0,0,5,1,0,0,1,2,1,0,1,0,2,0,2,2,0,0,1,1,2,1,1,0,0,0,0,0,0,0,0,0,0,1,0,0,0,0,0,0,0,0,0,0,0,0,0,0,0,0,0,0,0,0,0,0,0,0,0,0,0,0,0,0,0,0,0,0,0,0,0,0,0,0,0,0,0,0,0,0,0,0,0,0,0,0,0,0,0,0,0,0,0,0,0,0,0,0,0,0,0,0,0,0,0,0
East Of England,RMY,NORFOLK AND SUFFOLK NHS FOUNDATION TRUST,0,0,0,0,0,0,0,0,0,0,0,0,0,0,0,0,0,0,0,0,0,0,0,0,0,0,0,0,0,0,0,0,0,0,0,0,0,0,0,0,0,0,0,0,0,0,0,0,1,0,0,0,0,0,0,0,1,0,0,0,0,0,0,0,0,0,0,0,0,0,0,0,0,0,0,0,0,0,0,0,0,0,0,0,0,0,0,0,0,0,0,0,0,0,0,0,0,0,0,0,0,0,0,0,0,0,0,0,0,0,0,0,0,0,0,0,0,0,0,0,0,0,0,0,0,0,0,0,0,0,0,0,0,0,0,0,0,0,0,0,0,0,0,0,0,0,0,0,0,0,0,0,0,0,0,0,0,0,0,0,0,0,0,0,0,0,0,0,0,0,0,0,0
East Of England,RY3,NORFOLK COMMUNITY HEALTH AND CARE NHS TRUST,0,0,0,0,0,0,0,0,0,0,0,0,0,0,0,0,0,0,0,0,0,0,0,0,0,0,0,0,0,0,0,0,1,0,0,0,0,0,0,0,0,0,1,3,0,0,0,0,0,1,0,0,0,1,0,2,0,0,1,1,0,0,0,0,0,1,1,1,1,1,0,0,2,0,2,1,1,0,0,0,0,0,0,0,0,0,1,0,1,0,0,0,1,0,0,1,0,1,0,0,0,0,0,0,0,0,0,0,1,0,0,0,0,0,0,0,0,0,0,0,0,0,0,0,0,0,0,0,0,0,0,0,0,0,0,0,0,0,0,0,0,0,0,0,0,0,0,0,0,0,0,0,0,0,0,0,0,0,0,0,0,0,0,0,0,0,0,0,0,0,0,0,0
East Of England,RGN,NORTH WEST ANGLIA NHS FOUNDATION TRUST,0,0,0,0,0,0,0,0,0,0,0,0,0,0,0,0,0,0,0,0,1,1,0,2,0,1,1,2,0,0,1,4,2,1,5,3,0,2,6,6,4,2,2,3,3,3,3,7,3,5,1,0,6,8,3,4,4,5,5,5,2,5,2,1,4,2,1,2,3,2,2,4,4,3,4,6,3,2,3,3,5,5,7,2,0,2,4,2,3,2,3,4,1,6,0,2,2,1,1,1,0,0,1,0,0,1,0,0,0,2,1,0,0,0,0,0,1,0,2,0,0,0,0,0,0,0,0,0,0,0,0,0,0,1,0,1,0,0,0,0,0,0,0,0,0,0,0,0,0,0,0,0,0,0,0,0,0,0,0,0,1,0,0,1,2,1,0,0,0,0,0,0,0
East Of England,NQA20,PROVIDE - BRAINTREE COMMUNITY HOSPITAL,0,0,0,0,0,0,0,0,0,0,0,0,0,0,0,0,0,0,0,0,0,0,0,0,0,0,0,0,0,0,0,0,0,0,0,0,0,0,0,0,0,0,0,0,0,1,0,0,0,0,0,0,1,1,1,0,0,0,0,0,0,0,0,1,1,0,0,0,0,0,0,0,0,0,0,0,0,0,0,0,0,0,0,0,0,0,0,0,0,0,0,0,0,0,0,0,0,0,0,0,0,0,0,0,0,0,0,0,0,0,0,0,0,0,0,0,0,0,0,0,0,0,0,0,0,0,0,0,0,0,0,0,0,0,0,0,0,0,0,0,0,0,0,0,0,0,0,0,0,0,0,0,0,0,0,0,0,0,0,0,0,0,0,0,0,0,0,0,0,0,0,0,0
East Of England,NQA64,PROVIDE - HALSTEAD HOSPITAL,0,0,0,0,0,0,0,0,0,0,0,0,0,0,0,0,0,0,0,0,0,0,0,0,0,0,0,0,0,0,0,0,0,0,0,0,0,0,0,0,0,0,0,0,1,0,0,0,0,0,0,0,0,0,0,0,0,0,0,0,0,0,0,0,0,0,0,0,0,0,0,0,0,0,0,0,0,0,0,0,0,0,0,0,0,0,0,0,0,0,0,0,0,0,0,0,0,0,0,0,0,0,0,0,0,0,0,0,0,0,0,0,0,0,0,0,0,0,0,0,0,0,0,0,0,0,0,0,0,0,0,0,0,0,0,0,0,0,0,0,0,0,0,0,0,0,0,0,0,0,0,0,0,0,0,0,0,0,0,0,0,0,0,0,0,0,0,0,0,0,0,0,0
East Of England,NQA31,PROVIDE - ST PETERS HOSPITAL,0,0,0,0,0,0,0,0,0,0,0,0,0,0,0,0,0,0,0,0,0,0,0,0,0,0,0,0,0,0,0,0,0,0,1,0,1,0,0,0,0,0,0,0,0,0,0,0,0,0,0,0,0,0,0,0,0,0,0,0,0,0,0,0,0,0,0,0,0,0,0,0,0,0,0,0,0,0,0,0,0,0,0,0,0,0,0,0,0,0,0,0,0,0,0,0,0,0,0,0,0,0,0,0,0,0,0,0,0,0,0,0,0,0,0,0,0,0,0,0,0,0,0,0,0,0,0,0,0,0,0,0,0,0,0,0,0,0,0,0,0,0,0,0,0,0,0,0,0,0,0,0,0,0,0,0,0,0,0,0,0,0,0,0,0,0,0,0,0,0,0,0,0
East Of England,RGM,ROYAL PAPWORTH HOSPITAL NHS FOUNDATION TRUST,0,0,0,0,0,0,0,0,0,0,0,0,0,0,0,0,0,0,0,0,0,0,0,0,0,0,0,0,0,0,0,0,0,1,1,0,0,0,1,0,1,1,0,1,1,1,1,1,0,0,2,0,2,0,0,1,0,0,0,1,0,0,0,1,0,0,1,1,0,0,0,0,0,0,0,0,0,0,0,0,0,0,0,0,0,0,0,0,1,1,0,0,0,0,0,0,0,1,0,0,0,0,0,0,0,0,0,0,0,0,0,0,0,0,0,0,0,0,0,0,0,0,0,0,0,0,0,0,0,0,0,0,0,0,0,0,0,0,0,0,0,0,0,0,0,0,0,0,0,0,0,0,0,0,0,0,0,0,0,0,0,0,0,0,0,0,0,0,0,0,0,0,0
East Of England,RAJ,SOUTHEND UNIVERSITY HOSPITAL NHS FOUNDATION TRUST,0,0,0,0,0,0,0,0,0,0,0,0,0,0,0,0,0,0,0,0,0,0,2,2,1,2,1,2,2,3,4,3,8,4,6,3,6,5,14,13,6,7,7,7,3,3,4,3,0,3,1,6,4,5,0,3,2,5,4,7,0,1,3,1,2,2,7,2,1,1,0,1,0,3,3,2,0,1,2,5,0,1,1,0,2,3,0,0,0,3,0,0,2,0,2,0,1,2,0,3,0,0,1,0,2,0,0,1,0,1,0,1,0,2,3,3,0,0,1,1,1,0,4,1,2,0,0,0,0,2,0,0,3,0,0,0,0,0,0,0,0,1,1,1,0,0,0,0,0,0,0,0,0,0,0,0,0,0,0,0,0,0,0,0,0,0,0,0,0,0,0,0,0
East Of England,RQW,THE PRINCESS ALEXANDRA HOSPITAL NHS TRUST,0,0,0,0,0,0,0,0,0,0,0,0,0,0,0,0,0,0,1,0,0,1,0,2,0,4,2,6,2,4,6,7,6,7,8,3,6,8,12,6,9,5,13,8,6,1,9,6,8,4,6,5,0,3,1,3,2,1,1,2,1,1,2,1,0,0,0,0,1,2,0,0,3,0,1,1,0,0,0,0,1,1,0,1,0,0,1,0,0,0,0,0,0,0,0,0,0,0,0,0,0,0,0,0,0,0,0,0,0,0,0,0,0,0,0,0,0,0,0,0,0,0,0,0,0,0,0,0,0,0,0,0,0,0,0,0,0,0,0,0,0,0,0,0,0,0,0,0,0,0,0,0,0,0,0,0,0,0,0,0,0,0,0,0,0,0,0,0,0,0,0,0,0
East Of England,RCX,"THE QUEEN ELIZABETH HOSPITAL, KING'S LYNN, NHS FOUNDATION TRUST",0,0,0,0,0,0,0,0,0,0,0,0,0,0,0,0,0,1,1,0,0,0,0,0,0,0,2,1,1,2,4,2,1,2,3,2,2,2,6,2,4,4,2,4,4,0,1,5,4,4,3,3,4,0,3,6,3,7,1,2,2,3,4,2,1,3,2,4,5,2,0,1,0,2,2,0,2,2,2,3,0,0,1,1,1,0,0,0,0,0,1,1,0,0,0,0,0,0,1,0,0,1,0,0,0,0,0,0,0,0,0,0,0,0,0,0,0,0,0,0,0,0,0,0,0,0,0,0,0,0,0,1,0,0,0,0,0,0,0,0,0,0,0,0,0,0,0,0,0,0,0,0,0,0,0,0,0,0,0,0,0,0,0,0,0,0,0,0,0,0,0,0,0
East Of England,RWG,WEST HERTFORDSHIRE HOSPITALS NHS TRUST,0,0,0,0,0,0,0,0,0,1,0,0,0,0,0,0,0,0,0,0,0,2,3,2,6,4,2,3,3,6,2,13,10,10,9,15,8,10,8,13,7,5,9,10,8,9,6,10,14,5,14,10,10,9,9,6,5,6,5,3,1,5,4,4,5,3,6,2,3,1,2,1,0,0,3,0,2,6,2,0,1,3,2,1,0,1,2,0,0,0,1,0,0,1,0,0,0,0,0,1,2,1,0,0,2,1,0,0,0,0,2,0,0,0,0,0,0,0,0,0,1,1,0,1,1,0,0,0,0,0,0,3,0,0,0,1,0,0,0,0,0,0,0,0,0,0,0,0,0,0,0,0,0,0,0,0,0,0,0,0,0,0,0,0,0,0,0,0,1,0,0,1,0
East Of England,RGR,WEST SUFFOLK NHS FOUNDATION TRUST,0,0,0,0,0,0,0,0,0,0,0,0,0,0,0,0,0,0,0,1,0,0,0,0,2,0,1,1,0,0,2,1,0,0,1,0,0,1,0,1,1,3,0,1,0,1,4,1,0,2,0,0,2,2,0,3,0,1,1,5,2,1,1,1,1,1,0,3,1,2,3,0,0,0,2,2,1,3,0,0,0,1,1,0,1,1,1,1,0,2,0,0,0,0,5,1,0,0,0,1,0,1,0,0,0,0,0,1,0,0,0,0,0,0,0,0,0,0,0,0,0,0,0,0,0,0,0,0,0,0,0,0,0,0,0,0,0,0,0,0,0,0,0,0,0,1,0,0,0,0,0,0,0,0,0,0,0,0,0,0,0,0,0,0,0,0,0,0,0,0,0,0,0
London,RF4,"BARKING, HAVERING AND REDBRIDGE UNIVERSITY HOSPITALS NHS TRUST",0,0,0,0,0,0,0,0,0,0,0,1,0,1,2,2,0,2,2,1,3,2,2,2,4,7,10,2,7,13,10,10,16,15,11,13,13,17,17,15,18,9,8,19,15,4,12,8,7,11,9,10,4,7,3,10,2,2,2,0,5,2,3,2,3,5,3,5,6,0,2,1,1,1,1,0,1,3,0,0,2,3,1,1,0,0,2,0,2,0,0,0,0,0,0,0,2,1,0,0,1,0,0,0,0,0,0,0,0,0,1,0,0,1,0,0,0,0,0,0,0,0,0,0,0,0,0,0,0,0,0,0,0,0,0,1,0,0,0,0,1,0,0,0,0,0,0,1,0,0,0,0,0,0,0,0,0,0,0,0,0,0,0,0,0,0,0,0,0,0,0,0,0
London,R1H,BARTS HEALTH NHS TRUST,0,0,0,0,0,0,1,0,0,0,0,0,1,3,1,0,2,2,2,1,4,2,4,7,8,8,11,15,11,20,15,15,22,18,21,21,22,23,23,30,21,21,18,14,17,20,13,12,13,8,14,12,13,10,8,3,5,7,5,2,3,4,4,5,1,3,0,4,0,3,3,0,2,3,0,2,2,4,4,1,0,2,0,2,1,0,0,2,1,0,0,2,0,3,0,1,2,0,0,0,0,0,3,0,1,0,1,0,0,0,0,1,3,0,0,0,0,0,0,1,0,0,0,0,0,0,0,0,0,0,0,1,0,0,1,0,0,0,0,0,0,0,0,1,0,0,0,0,0,0,0,0,0,0,0,0,0,0,0,0,0,0,0,0,0,0,0,0,0,0,1,0,0
London,RV3,CENTRAL AND NORTH WEST LONDON NHS FOUNDATION TRUST,0,0,0,0,0,0,0,0,0,0,0,0,0,0,0,0,0,0,0,0,0,0,0,0,0,0,0,0,0,0,0,1,1,0,0,0,0,0,0,0,0,1,1,1,0,0,0,0,0,0,1,0,0,0,0,0,0,0,0,0,0,0,0,0,0,0,0,0,0,0,0,0,0,0,0,0,0,0,0,0,0,0,0,0,0,0,0,0,0,0,0,0,0,0,0,0,0,0,0,0,0,0,0,0,0,0,0,0,0,0,0,0,0,0,0,0,0,0,0,0,0,0,0,0,0,0,0,0,0,0,0,0,0,0,0,0,0,0,0,0,0,0,0,0,0,0,0,0,0,0,0,0,0,0,0,0,0,0,0,0,0,0,0,0,0,0,0,0,0,0,0,0,0
London,RYX,CENTRAL LONDON COMMUNITY HEALTHCARE NHS TRUST,0,0,0,0,0,0,0,0,0,0,0,0,0,0,0,0,0,0,0,0,0,0,0,0,0,0,0,0,0,0,0,0,0,1,0,0,0,0,0,0,0,1,2,0,0,0,0,0,0,0,1,0,0,0,0,0,1,0,0,0,0,1,0,1,0,1,0,0,0,0,0,1,0,0,0,0,0,0,0,0,0,0,0,0,0,0,0,0,0,0,0,0,0,0,0,0,0,0,0,0,0,0,0,0,0,0,0,0,0,0,0,0,0,0,0,0,0,0,0,0,0,0,0,0,0,0,0,0,0,0,0,0,0,0,0,0,0,0,0,0,0,0,0,0,0,0,0,0,0,0,0,0,0,0,0,0,0,0,0,0,0,0,0,0,0,0,0,0,0,0,0,0,0
London,RQM,CHELSEA AND WESTMINSTER HOSPITAL NHS FOUNDATION TRUST,0,0,0,0,0,0,0,0,0,0,0,0,0,0,0,0,0,1,3,2,2,1,5,4,2,6,7,5,6,7,5,12,9,12,6,9,13,7,10,15,12,9,12,7,13,12,6,5,13,3,5,3,2,3,9,1,1,3,2,2,3,1,1,0,1,1,1,2,3,2,0,2,1,3,0,0,0,0,1,0,0,1,0,2,0,1,0,1,0,0,0,0,0,1,0,0,0,0,0,2,0,0,1,0,1,0,0,0,0,0,0,1,0,0,0,0,1,0,0,0,0,0,0,0,0,0,0,0,1,0,1,0,0,1,0,0,0,0,0,0,0,0,0,0,0,0,0,0,0,0,0,0,0,0,0,0,0,0,0,0,0,0,0,0,1,0,0,0,0,0,0,0,0
London,RJ6,CROYDON HEALTH SERVICES NHS TRUST,0,0,0,0,0,0,0,0,0,0,0,0,0,0,0,0,0,3,1,0,3,3,3,1,7,4,9,8,5,12,9,5,7,7,10,13,11,9,12,12,9,11,7,6,7,7,6,6,5,5,3,5,2,5,1,3,6,4,3,1,6,4,1,0,1,2,2,2,3,0,3,2,2,1,2,3,3,0,1,0,0,1,0,0,0,1,1,1,0,0,0,1,0,0,0,0,1,0,0,0,0,0,0,0,0,0,0,0,0,0,0,0,0,0,0,0,0,0,0,0,0,0,0,0,0,0,0,0,0,0,0,0,0,0,0,0,0,0,0,0,0,0,0,0,0,0,0,0,0,0,0,0,0,0,0,0,0,0,0,0,0,0,0,0,0,0,0,0,0,0,0,0,0
London,RWK,EAST LONDON NHS FOUNDATION TRUST,0,0,0,0,0,0,0,0,0,0,0,0,0,0,0,0,0,0,0,0,0,0,0,0,0,0,0,0,0,0,0,1,0,0,0,0,4,1,0,0,1,1,0,1,0,1,0,0,1,0,1,0,0,0,0,0,0,0,0,0,0,0,1,0,0,0,0,1,0,0,1,0,0,0,0,1,1,0,0,0,0,0,0,0,0,0,0,0,0,0,0,0,0,0,0,0,0,0,0,0,0,0,0,0,0,0,0,0,0,0,0,0,0,0,0,0,0,0,0,0,0,0,0,0,0,0,0,0,0,0,0,0,0,0,0,0,0,0,0,0,0,0,0,0,0,0,0,0,0,0,0,0,0,0,0,0,0,0,0,0,0,0,0,0,0,0,0,0,0,0,0,0,0
London,RVR,EPSOM AND ST HELIER UNIVERSITY HOSPITALS NHS TRUST,0,0,0,0,0,0,0,0,0,1,0,0,0,0,2,0,2,2,0,1,0,3,5,2,3,4,7,5,4,5,7,5,14,5,7,17,10,8,9,11,8,9,3,6,5,2,8,3,5,4,2,5,5,7,3,5,4,1,3,1,3,1,5,2,2,1,2,0,1,0,0,0,1,1,2,1,2,0,0,0,2,1,1,1,0,0,2,2,0,0,0,2,1,0,1,1,0,0,0,0,0,0,1,1,0,1,0,0,0,0,0,1,0,0,1,0,0,1,1,0,0,0,0,1,1,0,0,0,0,0,0,1,0,0,0,0,0,0,0,0,0,0,0,0,0,0,0,0,0,0,0,0,0,0,0,0,0,0,0,0,0,0,0,0,0,0,0,0,0,0,0,0,0
London,RJ1,GUY'S AND ST THOMAS' NHS FOUNDATION TRUST,0,0,0,0,0,0,0,0,0,0,0,0,1,0,1,0,0,1,1,0,3,3,3,5,2,7,5,6,7,4,4,4,7,6,5,7,5,5,13,8,2,4,7,3,8,9,5,5,4,3,2,2,7,2,5,7,1,2,4,2,0,1,2,1,0,2,2,3,4,1,1,2,0,0,2,1,1,0,0,0,0,0,1,0,1,0,0,0,1,1,1,0,0,1,0,0,0,0,0,0,0,0,0,0,0,0,0,0,1,0,0,0,0,0,0,0,0,0,0,0,0,0,0,1,0,0,1,0,0,0,1,1,0,0,0,0,0,1,0,0,0,0,0,0,0,0,0,0,0,0,0,0,0,0,0,0,0,0,0,0,0,0,0,0,0,0,0,0,0,0,0,0,0
London,NW605,HCA UK - London Bridge,0,0,0,0,0,0,0,0,0,0,0,0,0,0,0,0,0,0,0,0,0,0,0,0,0,0,0,0,0,0,0,0,0,0,0,0,0,1,0,0,0,0,0,0,0,0,0,0,0,0,0,0,0,0,0,0,0,0,0,0,0,0,0,0,0,0,0,0,0,0,0,0,0,0,0,0,0,0,0,0,0,0,0,0,0,0,0,0,0,0,0,0,0,0,0,0,0,0,0,0,0,0,0,0,0,0,0,0,0,0,0,0,0,0,0,1,0,0,0,0,0,0,0,0,0,0,0,0,0,0,0,0,0,0,0,0,0,0,0,0,0,0,0,0,0,0,0,0,0,0,0,0,0,0,0,0,0,0,0,0,0,0,0,0,0,0,0,0,0,0,0,0,0
London,NW603,HCA UK - The Lister,0,0,0,0,0,0,0,0,0,0,0,0,0,0,0,0,0,0,0,0,0,0,0,0,0,0,0,0,0,0,0,0,0,0,1,0,0,0,0,0,0,0,0,0,0,0,0,0,0,0,0,0,0,0,0,0,0,0,0,0,0,0,0,0,0,0,0,0,0,0,0,0,0,0,0,0,0,0,0,0,0,0,0,0,0,0,0,0,0,0,0,0,0,0,0,0,0,0,0,0,0,0,0,0,0,0,0,0,0,0,0,0,0,0,0,0,0,0,0,0,0,0,0,0,0,0,0,0,0,0,0,0,0,0,0,0,0,0,0,0,0,0,0,0,0,0,0,0,0,0,0,0,0,0,0,0,0,0,0,0,0,0,0,0,0,0,0,0,0,0,0,0,0
London,NW601,HCA UK - The Princess Grace,0,0,0,0,0,0,0,0,0,0,0,0,0,0,0,0,0,0,0,0,0,0,0,0,0,1,0,1,0,0,0,0,0,0,0,0,0,0,0,0,0,0,0,0,0,0,0,0,0,0,0,0,0,0,0,0,0,0,0,0,0,0,0,0,0,0,0,0,0,0,0,0,0,0,0,0,0,0,0,0,0,0,0,0,0,0,0,0,0,0,0,0,0,0,0,0,0,0,0,0,0,0,0,0,0,0,0,0,0,0,0,0,0,0,0,0,0,0,0,0,0,0,0,0,0,0,0,0,0,0,0,0,0,0,0,0,0,0,0,0,0,0,0,0,0,0,0,0,0,0,0,0,0,0,0,0,0,0,0,0,0,0,0,0,0,0,0,0,0,0,0,0,0
London,NW602,HCA UK - The Wellington Hospital North Building,0,0,0,0,0,0,0,0,0,0,0,0,0,0,0,0,0,0,0,0,0,0,0,0,0,0,0,0,1,0,0,1,0,0,0,1,0,0,1,1,0,0,0,0,0,0,0,0,1,0,0,1,0,0,0,0,0,0,0,0,1,0,0,0,0,0,0,0,0,0,0,0,0,1,0,0,0,0,0,0,0,0,0,0,0,0,0,0,0,0,0,0,0,0,0,0,0,0,0,0,0,0,0,0,0,0,0,0,0,0,0,0,0,0,0,0,0,0,0,0,0,0,0,0,0,0,0,0,0,0,0,0,0,0,0,0,0,0,0,0,0,0,0,0,0,0,0,0,0,0,0,0,0,0,0,0,0,0,0,0,0,0,0,0,0,0,0,0,0,0,0,0,0
London,RQX,HOMERTON UNIVERSITY HOSPITAL NHS FOUNDATION TRUST,0,0,0,0,0,0,0,0,0,0,0,0,0,0,0,0,0,1,1,0,0,0,0,2,3,5,2,5,3,2,1,3,4,4,3,8,1,2,7,8,6,7,4,6,3,4,6,4,3,5,3,4,2,0,2,0,0,1,0,2,3,0,0,1,1,1,1,1,1,2,2,1,1,0,0,0,0,0,0,0,0,2,3,0,0,0,0,0,0,0,0,0,0,0,0,0,0,0,0,0,0,0,0,0,0,0,0,0,0,0,0,0,0,0,0,0,0,0,0,0,0,0,0,0,0,0,0,0,0,0,0,0,0,0,0,0,0,0,0,0,0,0,0,0,0,1,0,0,0,0,0,0,0,0,0,0,0,0,0,0,0,0,0,0,0,0,1,0,0,0,0,0,0
London,NMM01,Hospital of St John & St Elizabeth - Hospital of St John & St Elizabeth,0,0,0,0,0,0,0,0,0,0,0,0,0,0,0,0,0,0,0,0,0,0,0,0,2,0,0,0,0,0,0,0,1,0,1,0,0,0,0,1,1,0,0,0,0,0,0,0,0,0,0,0,0,0,1,0,0,0,1,0,0,0,0,0,0,0,0,0,0,0,0,0,0,0,0,0,1,0,0,0,0,0,0,0,0,0,0,0,0,0,0,0,0,0,0,0,0,0,0,0,0,0,0,0,0,0,0,0,0,0,0,0,0,0,0,0,0,0,0,0,0,0,0,0,0,0,0,0,0,0,0,0,0,0,0,0,0,0,0,0,0,0,0,0,0,0,0,0,0,0,0,0,0,0,0,0,0,0,0,0,0,0,0,0,0,0,0,0,0,0,0,0,0
London,RYJ,IMPERIAL COLLEGE HEALTHCARE NHS TRUST,0,0,0,0,0,0,0,0,0,0,0,1,0,0,0,1,0,3,2,4,0,4,4,4,6,5,10,8,12,5,10,13,12,5,14,23,14,10,12,16,16,8,14,13,14,8,8,12,3,7,9,8,8,12,4,7,7,2,5,4,6,2,3,4,4,2,2,2,4,2,0,2,0,2,1,1,0,1,2,1,0,1,0,0,3,0,0,1,1,1,0,1,1,0,1,0,0,1,0,0,0,1,0,0,0,0,0,0,0,0,0,0,0,0,1,0,1,2,1,0,0,0,0,0,0,0,0,2,0,0,0,0,0,0,0,0,0,0,0,0,0,0,0,0,0,0,0,0,0,1,0,0,0,0,0,1,0,0,0,0,0,0,0,0,0,0,0,0,0,0,0,0,0
London,RJZ,KING'S COLLEGE HOSPITAL NHS FOUNDATION TRUST,0,0,0,0,0,0,0,0,0,0,0,1,1,1,0,2,1,5,3,2,2,5,4,7,7,8,8,8,9,9,13,27,13,18,17,16,12,11,16,18,14,8,14,11,12,9,9,12,9,7,9,4,5,16,10,6,11,6,2,7,4,3,3,6,4,3,2,4,3,6,4,2,1,0,2,4,3,0,3,1,0,3,1,4,0,1,0,1,1,3,0,1,0,2,0,2,0,0,0,1,0,2,0,0,0,0,0,0,1,0,1,0,0,1,0,0,0,0,0,0,0,0,0,0,0,1,0,0,1,0,1,0,0,0,0,0,0,0,0,0,0,0,0,0,0,0,0,0,0,0,0,0,0,0,0,0,0,0,0,0,0,0,0,0,0,0,0,0,0,0,0,0,0
London,RAX,KINGSTON HOSPITAL NHS FOUNDATION TRUST,0,0,0,0,0,0,0,0,0,0,0,0,0,0,0,0,0,0,0,0,0,1,2,1,1,5,2,1,3,1,4,4,6,9,3,3,3,2,6,7,3,5,2,4,6,6,6,10,2,4,1,3,2,5,3,2,0,3,3,2,1,0,1,1,3,1,2,0,2,1,1,1,1,0,1,0,0,1,1,1,2,0,1,0,0,2,1,0,0,0,0,0,1,0,0,0,0,0,0,0,1,0,0,0,0,0,0,0,0,0,0,0,0,0,0,0,0,0,0,0,0,0,1,0,0,0,0,0,0,0,0,0,0,0,0,0,0,0,0,0,0,0,0,0,0,0,0,0,0,0,0,0,0,0,0,0,0,0,0,0,0,0,0,0,0,0,0,0,0,0,0,0,0
London,RJ2,LEWISHAM AND GREENWICH NHS TRUST,0,0,0,0,0,0,0,0,0,0,0,1,0,0,2,0,3,1,1,2,2,2,7,3,6,8,7,11,3,9,6,14,16,14,11,17,10,16,13,20,17,11,11,10,8,13,6,13,4,11,8,10,8,4,2,6,2,1,4,6,2,3,1,3,1,3,0,1,1,1,2,0,3,1,2,2,1,2,0,2,1,2,1,0,1,1,1,0,0,2,1,1,0,2,3,0,1,0,0,1,0,1,1,1,0,0,0,0,0,0,0,0,0,0,0,0,0,0,0,0,0,0,0,0,0,0,0,0,0,0,0,0,0,0,0,0,0,0,0,0,0,0,0,0,0,0,0,0,0,0,0,0,0,0,0,0,0,0,0,1,0,0,0,0,0,0,1,0,0,0,0,0,0
London,R1K,LONDON NORTH WEST UNIVERSITY HEALTHCARE NHS TRUST,0,0,0,0,0,0,0,0,0,0,0,0,1,2,1,1,2,1,4,7,8,9,6,12,11,17,12,15,20,17,24,19,23,26,25,17,22,18,25,22,17,16,14,13,10,10,11,12,6,6,6,9,6,14,2,9,3,5,3,2,2,3,4,3,4,4,4,4,1,2,2,2,0,2,1,2,1,0,0,2,0,0,2,0,0,0,1,3,1,0,3,3,2,0,1,0,1,0,0,0,2,1,1,2,0,1,0,1,0,0,0,1,0,1,0,0,0,0,0,0,0,0,0,0,1,0,0,0,0,1,0,0,0,0,0,0,0,0,0,0,0,0,0,0,0,1,0,0,0,0,0,0,0,0,0,0,0,0,0,0,0,0,0,0,0,0,0,0,0,0,0,0,0
London,R1H0A,NHS NIGHTINGALE HOSPITAL LONDON,0,0,0,0,0,0,0,0,0,0,0,0,0,0,0,0,0,0,0,0,0,0,0,0,0,0,0,0,0,0,0,0,0,0,0,0,0,0,0,0,0,0,0,0,0,0,0,0,0,0,0,0,0,2,0,0,0,0,0,0,0,0,1,0,0,0,1,0,0,0,0,0,0,0,0,0,0,0,0,0,0,0,0,0,0,0,0,0,0,0,0,0,0,0,0,0,0,0,0,0,0,0,0,0,0,0,0,0,0,0,0,0,0,0,0,0,0,0,0,0,0,0,0,0,0,0,0,0,0,0,0,0,0,0,0,0,0,0,0,0,0,0,0,0,0,0,0,0,0,0,0,0,0,0,0,0,0,0,0,0,0,0,0,0,0,0,0,0,0,0,0,0,0
London,RAT,NORTH EAST LONDON NHS FOUNDATION TRUST,0,0,0,0,0,0,0,0,0,0,0,0,0,0,0,0,0,0,0,0,0,0,0,1,0,0,0,0,0,0,0,0,0,1,1,0,0,0,0,1,0,0,0,3,1,0,0,0,0,0,1,2,0,3,1,1,2,0,1,2,2,0,1,0,1,0,0,1,2,1,0,0,0,0,0,0,1,0,0,1,0,0,0,0,0,1,0,1,0,0,0,0,0,0,2,1,0,1,0,0,0,0,0,0,0,0,0,0,0,0,0,1,0,1,0,0,1,0,0,0,2,1,0,0,0,1,0,0,0,0,0,0,0,0,0,0,0,1,0,0,1,0,0,0,0,0,0,0,0,0,0,0,0,0,0,0,0,0,0,0,0,0,0,0,0,0,0,0,0,0,0,0,0
London,RAP,NORTH MIDDLESEX UNIVERSITY HOSPITAL NHS TRUST,0,0,0,0,0,0,0,0,0,0,0,0,0,2,1,0,1,1,3,0,0,3,1,2,4,5,6,4,5,5,6,11,10,8,14,10,8,16,6,10,11,6,15,5,9,9,5,4,7,6,6,1,4,1,3,3,3,0,2,3,1,1,2,2,1,0,0,2,1,1,1,1,1,0,0,1,0,0,0,1,1,1,0,0,0,0,0,0,0,0,0,0,0,0,0,0,0,1,0,0,0,0,0,0,0,0,1,0,0,0,0,0,0,0,0,0,1,0,0,0,0,0,0,0,0,0,0,1,0,0,0,0,0,0,0,0,0,0,0,0,0,0,0,0,0,0,0,0,0,0,0,0,0,0,0,1,0,0,0,0,0,0,0,0,0,0,0,0,0,0,0,0,0
London,RPG,OXLEAS NHS FOUNDATION TRUST,0,0,0,0,0,0,0,0,0,0,0,0,0,0,0,0,0,0,0,0,0,0,0,0,0,0,0,0,0,0,0,0,0,0,0,0,0,0,0,0,0,0,1,0,0,0,0,0,0,0,0,0,0,0,0,0,0,0,0,0,0,0,0,0,0,0,0,0,0,1,0,0,0,0,0,0,0,0,0,0,1,0,0,0,0,0,0,0,0,0,0,0,0,0,0,0,0,0,0,0,0,0,0,0,0,0,0,0,0,0,0,0,0,0,0,0,0,0,0,0,0,0,0,0,0,0,0,0,0,0,0,0,0,0,0,0,0,0,0,0,0,0,0,0,0,0,0,0,0,0,0,0,0,0,0,0,0,0,0,0,0,0,0,0,0,0,0,0,0,0,0,0,0
London,RT3,ROYAL BROMPTON & HAREFIELD NHS FOUNDATION TRUST,0,0,0,0,0,0,0,0,0,0,0,0,0,0,0,0,0,0,0,0,0,0,0,1,1,0,0,1,0,2,0,1,0,1,0,0,0,1,1,1,4,2,1,1,2,0,2,1,0,0,2,1,2,2,2,1,2,0,2,0,0,3,1,2,1,0,0,0,1,1,0,1,0,0,0,0,0,0,0,0,0,0,0,0,0,0,0,0,0,0,0,1,0,0,0,0,0,0,0,0,0,0,1,0,0,0,0,0,0,0,0,0,0,0,0,0,0,0,0,0,0,0,0,0,0,0,0,0,0,0,0,0,0,0,0,0,0,0,0,0,0,0,0,0,0,0,0,0,0,0,0,0,0,0,0,0,0,0,0,0,0,0,0,0,0,0,0,0,0,0,0,0,0
London,RAL,ROYAL FREE LONDON NHS FOUNDATION TRUST,0,0,0,0,0,0,0,0,0,0,0,1,0,0,0,0,0,0,1,0,5,5,3,7,6,9,8,13,9,14,17,13,18,21,16,21,20,23,31,18,15,18,18,13,14,14,8,13,7,6,8,8,8,7,6,1,2,7,3,1,1,2,0,0,1,1,0,2,0,4,1,2,2,1,1,1,0,1,2,0,2,0,1,0,0,0,0,0,0,0,2,0,1,1,0,0,0,0,0,0,0,0,0,0,0,0,0,0,0,0,0,0,0,0,0,0,0,0,0,0,0,1,0,0,0,0,0,0,0,0,0,0,0,0,0,0,0,0,0,0,0,0,0,0,0,0,0,0,0,0,0,0,0,0,0,0,0,0,0,0,0,0,0,0,0,0,0,0,0,0,0,0,0
London,NN101,Royal Hospital for Neuro-Disability â€“ West Hill,0,0,0,0,0,0,0,0,0,0,0,0,0,0,0,0,0,0,0,0,0,0,0,0,0,1,1,0,0,0,0,0,0,0,1,0,0,0,0,1,0,1,0,0,1,0,1,0,0,0,0,0,1,0,0,0,0,0,0,0,0,0,0,2,0,0,0,0,0,0,0,0,0,0,0,0,0,0,0,0,0,0,0,0,0,0,0,0,0,0,0,0,0,0,0,0,0,0,0,0,0,0,0,0,0,0,0,0,0,0,0,0,0,0,0,0,0,0,0,0,0,0,0,0,0,0,0,0,0,0,0,0,0,0,0,0,0,0,0,0,0,0,0,0,0,0,0,0,0,0,0,0,0,0,0,0,0,0,0,0,0,0,0,0,0,0,0,0,0,0,0,0,0
London,RAN,ROYAL NATIONAL ORTHOPAEDIC HOSPITAL NHS TRUST,0,0,0,0,0,0,0,0,0,0,0,0,0,0,0,0,0,0,0,0,0,0,0,0,0,0,0,0,0,0,0,0,0,0,0,0,0,0,0,0,0,0,0,0,0,0,0,0,1,0,1,0,0,0,0,0,1,0,0,0,0,0,0,0,0,0,0,0,0,0,0,1,0,0,0,0,0,0,0,0,0,0,0,0,0,0,0,0,0,0,0,0,0,0,0,0,0,0,0,0,0,0,0,0,0,0,0,0,0,0,0,0,0,0,0,0,0,0,0,0,0,0,0,0,0,0,0,0,0,0,0,0,0,0,0,0,0,0,0,0,0,0,0,0,0,0,0,0,0,0,0,0,0,0,0,0,0,0,0,0,0,0,0,0,0,0,0,0,0,0,0,0,0
London,RV5,SOUTH LONDON AND MAUDSLEY NHS FOUNDATION TRUST,0,0,0,0,0,0,0,0,0,0,0,0,0,0,0,0,0,0,0,0,0,0,0,0,0,0,0,0,0,0,0,0,0,0,0,0,0,1,0,1,0,0,0,0,0,0,0,0,0,0,0,0,0,0,0,0,0,0,0,0,0,0,0,0,0,0,0,0,0,0,0,0,0,0,0,0,0,0,0,0,0,0,0,0,0,0,0,0,0,0,0,0,0,0,0,0,0,0,0,0,0,0,0,0,0,0,0,0,0,0,0,0,0,0,0,0,0,0,0,0,0,0,0,0,0,0,0,0,0,0,0,0,0,0,0,0,0,0,0,0,0,0,0,0,0,0,0,0,0,0,0,0,0,0,0,0,0,0,0,0,0,0,0,0,0,0,0,0,0,0,0,0,0
London,RJ7,ST GEORGE'S UNIVERSITY HOSPITALS NHS FOUNDATION TRUST,0,0,0,0,0,0,0,0,0,0,0,0,2,1,1,0,3,0,1,3,8,3,1,2,5,5,12,9,5,5,6,8,8,6,12,12,12,11,7,5,9,11,7,6,5,3,15,6,5,7,5,1,6,2,6,3,3,4,3,3,2,6,0,1,3,0,1,3,2,1,0,2,0,0,1,0,0,1,1,1,1,1,0,0,0,0,0,0,0,1,0,0,0,0,0,0,1,0,0,0,1,0,0,0,1,1,0,0,0,0,0,0,0,0,0,0,0,0,0,0,0,0,0,0,0,0,0,0,0,0,0,0,0,0,0,0,0,0,0,0,0,0,0,0,0,0,0,0,0,0,0,0,0,0,0,0,0,0,0,0,0,0,0,0,0,0,0,0,0,0,0,0,0
London,RAS,THE HILLINGDON HOSPITALS NHS FOUNDATION TRUST,0,0,0,0,0,0,0,0,0,0,0,0,0,0,0,0,0,0,2,0,0,1,1,0,5,2,4,4,6,10,5,1,6,6,8,7,8,5,4,8,5,6,7,8,5,5,5,4,2,0,2,3,3,2,1,0,1,1,1,1,0,1,1,1,0,0,0,0,1,0,0,0,0,1,1,0,0,0,0,0,0,0,0,0,0,0,0,1,0,0,0,0,0,0,0,1,0,0,0,0,0,0,0,0,0,0,0,0,0,1,0,0,0,0,0,0,0,0,0,0,0,0,0,0,0,0,0,0,0,0,0,1,0,0,0,0,0,0,0,0,0,0,0,0,0,0,0,0,0,0,0,0,0,0,0,0,0,0,0,0,0,0,0,0,0,0,0,0,0,0,0,0,0
London,E8770,The London Clinic - 20 Devonshire Place,0,0,0,0,0,0,0,0,0,0,0,0,0,0,0,0,0,0,0,0,0,1,1,0,0,0,0,0,0,0,0,0,0,0,1,0,0,1,0,0,1,0,0,0,0,0,0,0,0,0,0,0,0,0,0,0,0,0,0,0,0,0,0,0,0,0,0,0,0,1,0,0,0,0,0,0,0,0,0,0,0,0,0,0,0,0,0,0,0,0,0,0,0,0,0,0,0,0,0,0,0,0,0,0,0,0,0,0,0,0,0,0,0,0,0,0,0,0,0,0,0,0,0,0,0,0,0,0,0,0,0,0,0,0,0,0,0,0,0,0,0,0,0,0,0,0,0,0,0,0,0,0,0,0,0,0,0,0,0,0,0,0,0,0,0,0,0,0,0,0,0,0,0
London,RPY,THE ROYAL MARSDEN NHS FOUNDATION TRUST,0,0,0,0,0,0,0,0,0,0,0,0,0,0,0,0,0,0,0,0,0,0,0,0,0,0,0,0,0,0,0,1,0,0,0,1,0,1,0,0,1,1,0,0,1,1,3,1,1,0,0,2,0,1,0,1,0,1,0,0,0,0,0,1,0,0,0,0,0,0,0,1,0,0,0,0,0,0,0,0,0,0,0,0,0,0,0,0,0,0,0,0,0,0,0,0,0,0,0,0,0,0,0,0,0,0,0,0,0,0,0,0,0,0,0,0,0,0,0,0,0,0,0,0,0,0,0,0,0,0,0,0,0,0,0,0,0,0,0,0,0,0,0,0,0,0,0,0,0,0,0,0,0,0,0,0,0,0,0,0,0,0,0,0,0,0,0,0,0,0,0,0,0
London,RRV,UNIVERSITY COLLEGE LONDON HOSPITALS NHS FOUNDATION TRUST,0,0,0,0,0,0,0,0,0,0,0,0,0,0,2,3,1,0,0,2,4,0,1,0,2,1,4,4,4,4,5,6,5,7,2,7,4,4,4,4,11,3,9,6,4,4,4,5,1,5,2,2,6,4,3,0,1,2,1,1,0,1,3,2,3,0,0,0,0,0,0,2,1,1,0,1,1,1,0,0,1,1,0,0,0,0,0,1,0,0,0,0,0,0,0,0,0,0,0,1,0,0,0,1,0,0,0,0,0,0,0,0,0,0,0,0,0,0,0,0,0,0,0,0,0,0,0,0,0,0,0,0,0,0,0,0,0,0,0,0,0,0,0,0,0,0,0,0,0,0,0,0,0,0,0,0,0,0,0,0,0,0,0,0,0,0,0,0,0,0,0,0,0
London,RKL,WEST LONDON NHS TRUST,0,0,0,0,0,0,0,0,0,0,0,0,0,0,0,0,0,0,0,0,0,0,0,0,0,0,0,0,0,0,0,0,0,0,0,0,0,0,0,0,0,0,0,0,1,0,0,0,0,1,0,0,0,0,0,0,0,0,0,0,0,0,0,0,0,0,0,0,0,0,0,0,0,0,0,0,0,0,0,0,0,0,0,0,0,0,1,0,0,0,0,0,0,0,0,0,0,0,0,0,0,0,0,0,0,0,1,0,0,0,0,0,0,0,0,0,0,0,0,0,0,0,0,0,0,0,0,0,0,0,0,0,0,0,0,0,0,0,0,0,0,0,0,0,0,0,0,0,0,0,0,0,0,0,0,0,0,0,0,0,0,0,0,0,0,0,0,0,0,0,0,0,0
London,RKE,WHITTINGTON HEALTH NHS TRUST,0,0,0,0,0,0,0,0,0,0,0,0,0,0,0,0,0,0,1,0,0,1,1,0,1,4,4,4,2,1,2,6,4,1,7,8,3,4,3,6,4,2,3,2,5,2,3,4,0,2,2,0,0,0,2,2,0,1,1,2,0,1,3,1,1,0,2,0,1,0,0,0,1,0,0,0,0,0,0,0,1,0,0,0,0,0,0,0,0,0,0,0,0,0,0,0,0,0,0,0,0,0,0,0,0,0,0,0,0,0,0,0,0,0,0,0,0,0,0,0,0,0,0,0,0,0,0,0,0,0,0,0,0,0,0,0,0,0,0,0,0,0,0,0,0,0,0,0,0,0,0,0,0,0,0,0,0,0,0,0,0,0,0,0,0,0,0,0,0,0,0,0,0
Midlands,RYW,BIRMINGHAM COMMUNITY HEALTHCARE NHS FOUNDATION TRUST,0,0,0,0,0,0,0,0,0,0,0,0,0,0,0,0,0,0,0,0,0,0,0,0,0,0,0,0,0,0,1,0,0,1,0,1,0,2,2,0,1,1,1,1,1,0,2,0,2,0,1,1,2,0,0,0,2,0,1,1,0,3,0,2,1,0,0,0,0,0,0,0,0,0,0,1,0,1,0,0,1,2,0,0,1,0,0,0,0,0,0,0,0,0,0,1,0,0,0,0,0,0,0,0,0,0,0,0,0,0,0,0,0,0,0,0,0,0,0,0,0,0,0,0,0,0,0,0,0,0,0,0,0,0,0,0,0,0,0,0,0,0,1,0,0,0,0,0,0,0,0,0,0,0,0,0,0,0,0,0,0,0,0,0,0,0,0,0,0,0,0,0,0
Midlands,RFS,CHESTERFIELD ROYAL HOSPITAL NHS FOUNDATION TRUST,0,0,0,0,0,0,0,0,0,0,0,0,0,0,0,0,0,0,0,0,0,0,0,0,1,2,1,2,0,2,2,2,2,1,1,2,7,4,2,2,5,0,1,1,6,4,9,2,3,1,1,2,0,1,2,1,1,0,1,0,2,1,4,2,1,4,4,1,2,2,0,3,2,4,1,1,2,0,0,1,3,1,0,0,2,2,1,1,1,1,0,1,0,0,0,0,1,1,1,1,0,1,0,0,0,0,0,0,0,0,0,0,0,1,0,0,0,0,0,0,0,0,0,0,1,0,0,0,0,0,0,1,0,0,0,0,0,0,0,0,0,0,0,0,0,0,0,0,0,0,0,0,0,0,0,0,0,0,0,0,0,0,0,0,0,0,0,0,0,0,0,0,0
Midlands,RY8,DERBYSHIRE COMMUNITY HEALTH SERVICES NHS FOUNDATION TRUST,0,0,0,0,0,0,0,0,0,0,0,0,0,0,0,0,0,0,0,0,0,0,0,0,0,0,0,0,1,0,0,0,0,0,0,0,0,0,0,0,2,0,1,0,0,2,0,0,0,1,0,0,0,1,0,0,1,0,1,0,0,0,0,0,0,0,0,1,0,0,0,0,1,0,0,0,0,0,0,0,0,0,0,0,0,0,1,0,0,0,0,0,0,0,0,1,0,0,0,0,0,0,0,0,0,0,0,0,0,0,0,0,1,0,0,0,0,2,0,0,0,0,0,0,0,0,0,0,0,0,0,0,0,0,0,0,0,0,0,0,1,0,0,0,0,0,0,0,0,0,0,0,0,0,0,0,0,0,0,0,0,0,0,0,0,0,0,0,0,0,0,0,0
Midlands,RXM,DERBYSHIRE HEALTHCARE NHS FOUNDATION TRUST,0,0,0,0,0,0,0,0,0,0,0,0,0,0,0,0,0,0,0,0,0,0,0,0,0,0,0,0,0,0,0,0,0,0,0,0,0,1,0,0,0,0,0,0,0,0,0,0,0,0,0,0,1,0,0,0,0,0,0,0,0,0,0,0,0,0,0,0,0,0,0,0,0,0,0,0,0,0,0,0,0,0,0,0,0,0,0,0,0,0,0,0,0,0,0,0,0,0,0,0,0,0,0,0,0,0,0,0,0,0,0,0,0,0,0,0,0,0,0,0,0,0,0,0,0,0,0,0,0,0,0,0,0,0,0,0,0,0,0,0,0,0,0,0,0,0,0,0,0,0,0,0,0,0,0,0,0,0,0,0,0,0,0,0,0,0,0,0,0,0,0,0,0
Midlands,RLT,GEORGE ELIOT HOSPITAL NHS TRUST,0,0,0,0,0,0,0,0,0,1,0,2,0,1,0,1,0,0,1,1,2,2,0,1,0,6,1,3,0,5,1,1,0,0,2,3,5,0,2,2,3,3,2,2,7,1,3,3,3,1,3,0,3,3,4,2,5,1,1,1,2,1,1,4,2,1,2,1,0,2,0,2,0,1,2,1,1,0,2,2,0,2,3,0,1,0,1,0,2,2,0,0,1,0,2,1,0,1,0,0,0,1,0,0,2,0,2,1,3,1,0,0,2,2,4,3,3,5,0,0,0,0,2,1,0,2,1,0,1,0,0,1,0,0,0,0,0,0,0,0,0,0,0,0,1,0,0,1,0,0,1,0,0,0,0,0,0,0,0,0,0,0,0,0,0,0,0,0,0,0,0,0,0
Midlands,RNQ,KETTERING GENERAL HOSPITAL NHS FOUNDATION TRUST,0,0,0,0,0,0,0,0,0,0,0,0,0,0,0,0,1,0,0,0,0,0,0,1,0,0,2,0,1,1,3,3,1,5,7,1,6,4,3,1,3,0,4,6,2,2,5,4,2,1,5,7,4,1,3,1,5,4,6,2,2,1,3,2,1,2,2,4,3,1,2,4,3,3,0,2,4,3,4,4,2,1,5,6,1,1,1,2,2,5,2,2,2,5,1,2,1,0,1,2,3,2,1,3,1,0,1,0,1,0,0,0,0,0,0,2,0,0,1,0,0,0,0,0,0,0,1,0,0,0,0,0,0,0,0,0,0,0,0,0,0,0,0,0,0,2,0,0,0,0,0,0,0,0,0,0,0,0,0,0,0,0,0,0,0,0,0,0,0,0,0,0,0
Midlands,RT5,LEICESTERSHIRE PARTNERSHIP NHS TRUST,0,0,0,0,0,0,0,0,0,0,0,0,0,0,0,0,0,0,0,0,0,0,0,0,0,0,0,0,1,0,0,0,0,0,0,0,0,1,0,0,0,0,0,0,0,0,0,0,1,0,1,1,0,0,1,0,0,1,0,1,0,0,1,1,0,0,1,0,0,0,0,0,2,0,0,0,1,0,0,0,1,1,1,0,0,0,1,0,0,0,0,1,1,0,0,0,0,0,0,0,0,0,0,1,0,0,0,0,0,0,0,0,0,0,0,0,0,0,0,0,0,0,0,0,0,0,0,0,0,0,0,0,0,0,0,0,0,0,0,0,0,0,0,0,0,0,0,0,0,0,0,0,0,0,0,0,0,0,0,0,0,0,0,0,0,0,0,0,0,0,0,0,0
Midlands,RY5,LINCOLNSHIRE COMMUNITY HEALTH SERVICES NHS TRUST,0,0,0,0,0,0,0,0,0,0,0,0,0,0,0,0,0,0,0,0,0,0,0,0,0,0,0,0,0,0,0,0,0,0,0,0,0,0,0,0,0,0,0,0,0,0,0,0,0,0,0,0,0,0,0,0,0,0,0,0,1,0,0,0,1,0,1,0,0,0,0,0,0,0,0,0,0,0,0,0,0,0,0,0,0,0,0,0,0,0,0,0,0,0,0,0,0,0,0,0,0,0,0,0,0,0,0,0,0,0,0,0,0,0,0,0,0,0,0,0,0,0,0,0,0,0,0,0,0,0,0,0,0,0,0,0,0,0,0,0,0,0,0,0,0,0,0,0,0,1,0,0,0,0,0,0,0,0,0,0,0,0,0,0,0,0,0,0,0,0,0,0,0
Midlands,RP7,LINCOLNSHIRE PARTNERSHIP NHS FOUNDATION TRUST,0,0,0,0,0,0,0,0,0,0,0,0,0,0,0,0,0,0,0,0,0,0,0,0,0,0,0,0,0,0,0,0,0,0,0,0,0,0,0,0,0,0,0,0,0,0,0,0,0,0,0,0,0,0,0,0,0,0,0,0,0,0,0,0,0,0,0,0,0,1,0,0,0,0,0,0,0,0,0,0,0,0,0,0,0,0,0,0,0,0,0,0,0,0,0,0,0,0,0,0,0,0,0,0,0,0,0,0,0,0,0,0,0,0,0,0,0,0,0,0,0,0,0,0,0,0,0,0,0,0,0,0,0,0,0,0,0,0,0,0,0,0,0,0,0,0,0,0,0,0,0,0,0,0,0,0,0,0,0,0,0,0,0,0,0,0,0,0,0,0,0,0,0
Midlands,RRE,MIDLANDS PARTNERSHIP NHS FOUNDATION TRUST,0,0,0,0,0,0,0,0,0,0,0,0,0,0,0,0,0,0,0,0,0,0,0,0,0,0,0,0,0,0,0,0,0,0,0,0,0,0,0,1,0,0,0,0,0,0,0,0,1,0,0,0,0,0,0,0,0,1,0,1,0,0,0,0,0,0,0,1,0,0,0,0,0,0,0,0,0,0,1,0,0,1,0,0,1,1,0,1,0,0,0,0,0,1,0,0,0,0,0,0,0,0,0,0,0,0,0,0,0,0,0,0,0,0,0,0,0,0,0,0,1,0,0,0,0,0,0,0,0,0,0,0,0,0,0,0,0,0,0,0,0,0,0,0,0,0,0,0,0,0,0,0,0,0,0,0,0,0,0,0,0,0,0,0,0,0,0,0,0,0,0,0,0
Midlands,RLY,NORTH STAFFORDSHIRE COMBINED HEALTHCARE NHS TRUST,0,0,0,0,0,0,0,0,0,0,0,0,0,0,0,0,0,0,0,0,0,0,0,0,0,0,0,0,0,0,0,0,0,0,0,0,0,0,0,0,0,0,0,1,0,0,0,0,0,0,0,0,0,0,0,0,0,1,0,0,0,0,0,2,0,0,0,0,1,0,0,0,0,0,0,0,0,0,0,0,0,0,0,0,0,1,0,0,0,0,0,0,0,0,0,0,0,0,0,0,0,0,0,0,0,0,0,0,0,0,0,0,0,0,0,0,0,0,0,0,0,0,0,0,0,0,0,0,0,0,0,0,0,0,0,0,0,0,0,0,0,0,0,0,0,0,0,0,0,0,0,0,0,0,0,0,0,0,0,0,0,0,0,0,0,0,0,0,0,0,0,0,0
Midlands,RNS,NORTHAMPTON GENERAL HOSPITAL NHS TRUST,0,0,0,0,0,0,0,0,0,0,0,0,0,0,0,0,1,0,0,0,0,0,0,0,0,0,3,3,2,3,3,1,2,1,4,6,3,4,7,7,8,5,7,10,5,9,6,5,5,4,5,7,3,6,4,6,3,2,2,4,3,3,5,4,8,6,3,1,4,2,2,1,2,2,3,5,0,2,2,2,3,3,1,1,3,0,4,4,3,2,1,3,0,3,1,1,2,2,1,0,1,5,4,4,2,1,2,5,0,2,3,1,3,1,2,0,0,2,2,2,1,1,0,0,0,0,0,1,0,0,2,1,0,0,0,1,0,1,0,0,1,0,0,0,0,2,0,0,3,0,0,0,0,0,0,1,0,0,0,0,0,0,0,0,0,0,0,0,0,0,0,0,0
Midlands,RP1,NORTHAMPTONSHIRE HEALTHCARE NHS FOUNDATION TRUST,0,0,0,0,0,0,0,0,0,0,0,0,0,0,0,0,0,0,0,0,0,0,0,0,0,0,0,0,0,0,0,0,0,0,0,0,0,0,0,1,0,0,0,0,0,0,1,0,0,0,0,0,0,1,0,0,0,0,0,0,0,1,0,0,0,0,0,0,0,0,0,0,0,0,0,0,0,0,1,0,0,0,0,0,0,1,0,0,0,1,0,0,1,0,0,0,0,0,0,0,0,0,0,1,0,0,1,0,0,0,0,0,0,0,0,0,0,0,0,0,0,0,0,0,0,0,0,1,0,0,0,0,0,0,0,0,0,1,1,0,0,1,0,0,0,0,0,0,0,0,0,0,0,0,0,0,1,0,0,0,0,0,0,0,0,0,0,0,0,0,0,0,0
Midlands,RX1,NOTTINGHAM UNIVERSITY HOSPITALS NHS TRUST,0,0,0,1,0,0,0,0,0,0,0,0,0,1,0,0,1,0,2,0,0,1,3,0,4,4,2,5,4,2,1,1,5,3,3,12,3,10,8,8,7,9,5,9,3,7,6,1,5,12,3,12,3,5,6,3,4,3,6,5,3,6,4,1,3,1,4,3,0,4,3,1,1,1,1,0,1,2,1,2,1,1,0,0,1,1,2,1,0,0,0,2,2,0,0,1,0,1,2,2,0,0,1,0,0,0,1,0,1,2,0,2,1,1,0,0,0,0,0,1,0,2,1,0,0,0,0,0,0,0,0,0,0,0,2,0,0,0,0,0,0,0,0,0,0,0,0,0,0,0,0,0,0,0,0,0,0,0,0,0,0,0,0,0,0,0,0,0,0,0,0,0,0
Midlands,RHA,NOTTINGHAMSHIRE HEALTHCARE NHS FOUNDATION TRUST,0,0,0,0,0,0,0,0,0,0,0,0,0,0,0,0,0,0,0,0,0,0,0,0,0,0,0,0,0,0,0,0,1,0,0,1,0,0,0,2,0,0,0,1,1,2,0,2,0,0,0,0,0,0,1,0,0,0,0,0,0,1,0,1,0,0,0,0,0,0,0,0,0,0,0,0,0,0,0,0,0,0,0,0,0,0,0,0,0,0,0,0,0,0,0,0,0,0,0,0,0,0,0,0,0,0,0,0,0,0,0,0,0,0,0,0,0,0,0,0,0,0,0,0,0,0,0,0,0,0,0,0,0,0,0,0,0,0,0,0,0,0,0,0,0,0,0,0,0,0,0,0,0,0,0,0,0,0,0,0,0,0,0,0,0,0,0,0,0,0,0,0,0
Midlands,NVC40,Ramsay Health UK - Nottingham Woodthorpe,0,0,0,0,0,0,0,0,0,0,0,0,0,0,0,0,0,0,0,0,0,0,0,0,0,0,0,0,0,0,0,0,0,0,0,0,0,0,0,0,0,0,0,0,0,0,0,0,0,0,0,0,0,0,0,1,0,0,0,0,0,0,0,0,0,0,0,0,0,0,0,0,0,0,0,0,0,0,0,0,0,0,0,0,0,0,0,0,0,0,0,0,0,0,0,0,0,0,0,0,0,0,0,0,0,0,0,0,0,0,0,0,0,0,0,0,0,0,0,0,0,0,0,0,0,0,0,0,0,0,0,0,0,0,0,0,0,0,0,0,0,0,0,0,0,0,0,0,0,0,0,0,0,0,0,0,0,0,0,0,0,0,0,0,0,0,0,0,0,0,0,0,0
Midlands,RXK,SANDWELL AND WEST BIRMINGHAM HOSPITALS NHS TRUST,0,0,0,0,0,0,0,0,0,0,0,0,1,1,0,0,3,1,3,3,1,1,2,7,2,1,4,6,8,10,9,12,10,5,6,13,12,13,8,20,8,15,11,9,8,6,9,7,7,7,7,6,3,4,4,5,2,3,4,2,2,5,2,2,1,2,0,3,3,5,1,5,2,4,3,2,2,0,1,4,1,0,2,0,1,0,3,2,2,0,1,0,2,1,5,2,2,1,1,2,1,2,0,0,0,0,0,0,2,0,1,0,0,0,2,2,0,0,0,0,1,0,0,0,1,0,0,0,0,1,0,1,0,0,0,0,0,0,0,0,0,0,0,0,0,0,0,0,0,0,0,1,0,0,0,0,0,1,0,0,0,0,0,0,0,0,0,0,0,0,0,0,0
Midlands,RK5,SHERWOOD FOREST HOSPITALS NHS FOUNDATION TRUST,0,0,0,0,0,0,0,0,0,0,0,0,0,0,0,0,0,0,0,0,0,0,2,0,2,0,2,0,2,3,2,7,5,2,4,3,8,4,6,6,2,4,0,2,2,0,3,1,1,1,1,3,1,1,2,2,3,2,3,1,2,1,2,1,3,1,1,0,1,2,0,2,1,1,0,2,0,0,0,0,0,0,1,1,1,0,0,0,1,1,1,0,0,0,0,1,0,1,0,0,0,0,0,1,0,0,0,0,0,0,1,0,0,0,0,0,1,0,0,0,0,0,0,0,0,0,0,0,0,0,0,0,0,0,0,0,0,0,0,0,0,0,0,0,0,0,0,0,0,0,0,0,0,0,0,0,0,0,0,0,0,0,0,0,0,0,0,0,0,0,0,0,0
Midlands,RXW,SHREWSBURY AND TELFORD HOSPITAL NHS TRUST,0,0,0,0,0,0,0,0,0,0,0,0,0,0,0,1,0,0,0,0,0,1,0,0,0,0,3,2,4,3,2,2,3,2,4,4,3,0,1,2,0,2,8,2,3,0,3,2,2,4,0,0,2,2,5,5,1,3,0,4,2,4,1,1,4,2,8,4,2,0,1,0,2,3,1,3,2,3,1,1,2,2,2,1,2,1,2,3,1,0,2,0,1,0,3,0,1,1,2,1,1,0,1,0,1,0,2,0,1,1,0,1,0,0,0,0,0,0,0,0,0,0,0,0,1,0,0,0,0,0,1,0,1,0,1,0,0,0,0,0,0,0,0,0,0,0,0,0,0,0,0,0,0,0,0,0,0,0,0,0,0,0,0,0,0,0,0,0,0,0,0,0,0
Midlands,R1D,SHROPSHIRE COMMUNITY HEALTH NHS TRUST,0,0,0,0,0,0,0,0,0,0,0,0,0,0,0,0,0,0,0,0,0,0,0,0,0,0,0,0,0,0,0,0,0,0,0,0,0,0,0,0,0,0,0,1,0,0,1,0,0,1,0,0,1,0,0,0,0,0,1,0,0,0,1,0,1,0,0,0,0,0,0,0,0,0,0,2,0,1,1,0,0,1,0,0,0,0,0,0,1,0,0,0,0,0,0,0,1,0,0,0,0,0,0,0,0,0,0,0,0,0,0,0,0,0,0,0,0,0,0,0,0,0,0,0,0,0,0,1,0,0,0,0,0,0,0,0,0,0,0,0,0,0,0,0,0,0,0,0,0,0,0,0,0,0,0,0,0,0,0,0,0,0,0,0,0,0,0,0,0,0,0,0,0
Midlands,RJC,SOUTH WARWICKSHIRE NHS FOUNDATION TRUST,0,0,0,0,0,0,0,0,0,0,0,0,0,0,0,0,0,0,0,0,0,1,0,1,1,1,1,0,1,1,2,2,1,3,1,6,7,5,2,6,3,1,1,5,3,4,2,6,2,2,4,4,4,0,0,3,0,0,6,1,1,0,2,1,1,1,0,1,1,0,0,0,1,0,1,1,1,1,0,0,0,1,2,0,2,0,0,0,0,1,0,1,1,0,1,0,0,0,0,0,0,1,0,0,0,0,0,0,0,0,0,0,0,1,0,1,0,0,0,0,0,0,0,0,0,0,0,0,0,0,0,0,0,0,0,0,0,0,0,0,0,0,0,0,0,0,0,0,0,0,0,0,0,0,0,0,0,0,0,0,0,0,0,0,0,0,0,0,1,0,0,0,0
Midlands,RNA,THE DUDLEY GROUP NHS FOUNDATION TRUST,0,0,0,0,0,0,0,0,1,0,0,0,1,2,0,1,2,0,0,1,2,2,0,1,3,3,6,5,3,7,6,10,12,14,9,6,4,7,9,7,8,4,6,9,8,3,7,5,3,6,6,8,4,4,4,2,1,4,2,4,1,1,2,1,3,1,0,0,1,1,1,1,0,3,1,0,0,2,1,1,2,1,1,0,0,0,0,3,1,2,0,0,0,0,1,1,0,1,0,0,1,1,0,0,0,0,2,0,0,0,1,0,0,0,0,1,0,1,0,0,0,0,0,0,0,0,0,0,0,0,0,0,1,0,0,0,0,0,0,0,0,0,0,0,0,0,0,0,0,0,0,0,0,0,0,0,0,0,0,0,0,0,0,0,0,0,0,0,0,0,0,0,0
Midlands,RL1,THE ROBERT JONES AND AGNES HUNT ORTHOPAEDIC HOSPITAL NHS FOUNDATION TRUST,0,0,0,0,0,0,0,0,0,0,0,0,0,0,0,0,0,0,0,0,0,0,0,0,0,0,0,0,0,0,0,0,0,0,0,1,0,0,0,0,1,0,0,0,0,0,0,0,0,0,0,0,0,0,0,1,0,0,1,0,0,0,0,1,0,0,0,0,0,0,0,0,0,0,0,0,0,0,0,0,0,0,0,0,0,0,0,0,0,0,0,0,0,0,0,0,0,0,0,0,0,0,0,0,0,0,0,0,0,0,0,0,0,0,0,0,0,0,0,0,0,0,0,0,0,0,0,0,0,0,0,0,0,0,0,0,0,0,0,0,0,0,0,0,0,0,0,0,0,0,0,0,0,0,0,0,0,0,0,0,0,0,0,0,0,0,0,0,0,0,0,0,0
Midlands,RRJ,THE ROYAL ORTHOPAEDIC HOSPITAL NHS FOUNDATION TRUST,0,0,0,0,0,0,0,0,0,0,0,0,0,0,0,0,0,0,0,0,0,0,0,0,0,0,0,0,0,0,0,0,1,0,0,0,0,0,0,0,0,1,0,0,0,0,0,0,0,0,0,0,1,0,2,1,1,0,1,0,0,0,0,0,0,0,0,0,0,0,0,3,0,0,1,0,0,0,0,0,1,0,0,0,0,0,0,0,1,0,0,0,1,0,0,0,0,0,0,0,0,0,0,0,0,0,0,0,0,0,0,0,0,0,0,0,0,0,0,0,0,0,0,0,0,0,0,0,0,0,0,0,0,0,0,0,0,0,0,0,0,0,0,0,0,0,0,0,0,0,0,0,0,0,0,0,0,0,0,0,0,0,0,0,0,0,0,0,0,0,0,0,0
Midlands,RL4,THE ROYAL WOLVERHAMPTON NHS TRUST,0,0,0,0,0,0,0,0,1,0,0,0,1,0,2,1,1,5,2,1,6,1,2,5,4,8,2,2,9,3,8,5,11,11,8,9,8,6,6,9,8,10,9,6,8,7,6,7,9,2,2,5,2,5,1,7,0,2,2,1,2,2,4,0,1,3,0,0,3,2,2,0,0,0,1,0,0,1,2,1,0,0,2,0,1,0,2,2,1,2,0,0,0,2,0,2,0,2,0,1,2,0,2,0,0,0,0,0,0,0,0,1,1,0,1,0,0,0,0,0,0,0,1,0,0,0,0,0,0,0,0,0,0,0,0,0,0,0,0,0,0,0,0,0,0,0,0,0,0,0,0,0,0,0,0,0,0,0,1,0,0,0,0,0,1,0,0,0,0,0,0,0,0
Midlands,RWD,UNITED LINCOLNSHIRE HOSPITALS NHS TRUST,0,0,0,0,0,0,0,0,0,0,0,0,0,0,0,0,0,0,0,0,0,0,0,0,0,0,2,3,1,1,2,3,4,8,3,4,4,2,1,5,7,5,5,4,4,2,4,0,4,2,3,6,1,2,3,1,0,4,1,4,1,2,1,2,1,2,1,2,0,1,1,0,1,2,1,1,2,1,0,0,0,0,0,2,2,1,0,1,1,1,0,1,0,0,0,0,0,0,0,1,0,0,0,0,0,0,0,0,0,0,0,0,1,0,0,0,1,1,0,0,0,0,0,1,0,0,0,0,0,0,0,0,0,0,0,0,0,0,0,1,0,0,0,0,0,0,1,0,0,0,0,0,0,0,0,0,0,0,0,0,0,0,0,0,0,0,0,0,0,0,0,0,0
Midlands,RRK,UNIVERSITY HOSPITALS BIRMINGHAM NHS FOUNDATION TRUST,0,0,0,0,0,0,0,0,0,0,0,0,0,0,1,1,0,1,2,2,6,2,9,6,5,12,14,18,21,23,20,26,25,32,21,35,37,30,25,38,24,23,29,21,18,28,28,19,29,20,19,14,12,16,18,8,11,14,12,7,7,2,10,2,7,10,10,7,7,2,2,3,4,3,7,3,7,6,1,5,3,4,7,2,3,1,1,4,2,2,4,2,0,0,2,1,0,3,5,0,2,1,2,1,1,1,0,0,1,1,1,2,1,1,2,0,2,3,0,0,1,1,0,0,0,0,1,0,1,0,0,1,0,0,0,0,0,0,0,1,0,0,0,0,1,1,0,2,0,1,0,0,0,1,0,0,0,0,0,0,3,1,0,0,1,0,0,0,0,0,0,0,0
Midlands,RKB,UNIVERSITY HOSPITALS COVENTRY AND WARWICKSHIRE NHS TRUST,0,0,0,0,0,0,0,0,0,0,0,0,0,0,0,0,0,0,1,0,0,0,2,3,4,1,3,3,4,6,10,3,10,7,7,2,9,5,4,11,7,5,7,8,2,8,12,11,6,7,4,1,6,3,5,1,6,4,3,2,0,1,0,1,0,2,2,6,5,1,2,2,0,1,0,2,2,0,0,0,0,0,0,1,0,1,0,0,0,0,0,0,1,1,0,1,1,0,0,0,0,0,0,0,0,0,0,0,1,0,0,0,0,0,0,1,0,0,0,0,0,0,0,0,0,0,0,0,0,0,0,0,0,0,0,0,0,0,0,0,0,0,0,0,0,0,0,0,0,0,0,0,0,0,0,0,0,0,0,0,0,0,0,0,0,0,0,0,0,0,0,0,0
Midlands,RTG,UNIVERSITY HOSPITALS OF DERBY AND BURTON NHS FOUNDATION TRUST,0,0,0,0,0,0,0,0,0,0,0,0,0,0,0,0,0,1,0,0,4,0,2,5,2,2,6,4,7,7,8,17,13,8,12,8,20,13,14,25,16,10,18,8,6,12,11,9,13,15,10,11,10,3,10,10,9,12,4,4,6,9,5,4,3,4,4,7,3,1,4,3,1,3,4,1,3,3,5,4,2,5,0,1,4,2,0,0,0,2,2,1,1,2,1,2,0,4,1,1,2,0,1,2,2,1,1,3,2,1,3,1,2,1,0,1,3,0,0,0,1,0,0,0,1,1,1,0,1,0,0,0,0,0,2,0,0,0,0,0,0,1,0,0,0,0,0,0,0,1,0,0,1,0,0,0,0,0,0,0,0,0,0,0,0,0,0,0,0,0,0,0,0
Midlands,RWE,UNIVERSITY HOSPITALS OF LEICESTER NHS TRUST,0,0,0,0,0,0,0,0,0,0,0,0,2,0,1,0,1,0,1,0,0,0,6,0,5,2,0,2,5,5,4,4,8,12,9,9,5,11,7,7,8,8,9,10,8,3,7,3,7,7,2,7,3,9,9,5,6,8,6,7,4,3,3,5,3,4,6,6,5,3,8,7,5,7,6,2,3,3,1,3,2,6,3,4,5,3,2,3,4,1,2,2,4,2,3,3,3,0,3,3,2,1,2,0,1,2,2,1,1,0,1,2,0,3,2,1,4,1,0,1,1,0,0,4,3,0,0,1,1,2,1,1,1,0,0,0,1,2,1,1,1,1,2,1,0,0,0,1,1,1,0,0,0,0,0,0,0,0,0,0,0,1,0,0,0,0,0,0,0,0,0,0,0
Midlands,RJE,UNIVERSITY HOSPITALS OF NORTH MIDLANDS NHS TRUST,0,0,0,0,0,0,0,0,0,0,0,0,0,0,0,0,0,0,0,0,3,0,1,0,2,1,2,4,2,4,0,6,7,7,9,8,8,8,1,11,5,4,5,5,3,4,10,3,6,10,6,6,10,5,8,4,3,4,2,4,7,2,6,6,4,8,5,6,4,2,7,2,2,2,5,5,4,3,4,3,4,1,1,7,2,3,3,2,1,1,4,0,0,1,1,4,3,1,0,1,1,2,1,0,1,1,3,2,1,2,2,0,1,2,0,3,0,1,2,0,1,1,1,0,2,0,0,2,1,0,0,1,0,0,0,0,0,1,0,0,0,0,0,0,0,1,0,0,0,0,0,0,0,0,0,0,1,0,0,0,0,0,0,0,0,0,0,0,0,0,0,0,0
Midlands,RBK,WALSALL HEALTHCARE NHS TRUST,0,0,0,0,0,0,0,0,0,0,0,0,1,0,0,0,1,0,0,0,0,0,1,1,4,2,3,8,7,2,4,7,6,10,8,9,6,5,7,9,6,7,3,5,9,4,3,6,3,6,4,3,4,3,3,2,2,1,2,2,4,3,2,2,1,2,2,2,0,0,0,0,1,2,0,2,3,0,0,2,3,0,0,0,0,0,1,2,1,3,0,1,1,1,0,0,0,0,1,0,0,0,0,0,0,0,1,0,1,0,0,0,1,0,0,1,0,1,0,1,0,0,1,1,0,0,0,0,0,0,0,1,0,0,0,0,0,0,0,0,0,0,0,0,0,0,0,0,0,0,0,0,0,0,0,0,0,0,0,0,0,0,0,0,0,0,0,0,0,0,0,0,0
Midlands,RWP,WORCESTERSHIRE ACUTE HOSPITALS NHS TRUST,0,0,0,0,0,0,0,0,0,0,0,0,0,0,0,0,0,0,0,0,4,2,1,1,2,3,6,2,4,4,2,8,12,7,5,7,9,5,5,5,6,9,4,9,9,5,7,4,3,2,4,2,4,3,7,8,4,3,6,10,0,4,3,2,2,4,1,1,3,1,1,3,1,1,2,2,1,2,2,1,3,3,1,0,1,0,0,2,3,1,1,3,2,0,1,0,1,0,2,2,0,1,0,0,0,0,0,0,0,1,2,0,0,0,1,0,1,1,0,0,0,1,0,0,1,0,0,0,0,0,1,1,0,0,0,0,0,0,0,0,0,0,0,0,0,0,0,0,0,1,0,0,0,0,0,0,0,0,0,0,0,0,0,0,0,0,0,0,0,0,0,0,0
Midlands,R1A,WORCESTERSHIRE HEALTH AND CARE NHS TRUST,0,0,0,0,0,0,0,0,0,0,0,0,0,0,0,0,0,0,0,0,0,0,0,0,0,0,1,0,0,0,0,0,0,1,0,1,0,0,1,0,0,1,1,2,1,0,1,1,1,3,0,1,2,0,0,0,0,2,0,0,0,0,2,0,0,1,0,0,0,0,0,0,0,0,0,0,0,0,0,0,0,0,0,0,0,1,1,0,1,0,0,1,0,1,0,0,0,0,0,0,0,0,0,0,0,0,0,0,0,0,0,0,0,0,0,0,0,0,0,0,0,0,0,0,0,0,0,0,0,0,0,0,0,0,0,0,0,0,0,0,0,0,0,0,0,0,0,0,0,0,0,0,0,0,0,0,0,0,0,0,0,0,0,0,0,0,0,0,0,0,0,0,0
Midlands,RLQ,WYE VALLEY NHS TRUST,0,0,0,0,0,0,0,0,0,0,0,0,0,0,0,0,0,0,1,0,0,0,0,1,0,0,0,0,2,0,0,3,1,2,1,0,0,0,2,1,1,0,5,2,3,3,1,1,0,0,1,0,0,0,1,0,2,2,0,0,1,0,0,1,0,0,2,2,0,1,0,0,1,2,0,0,1,0,1,0,1,0,0,1,0,0,0,0,0,0,0,0,1,0,0,0,0,2,0,0,0,0,0,0,1,0,0,0,0,0,0,0,1,1,0,0,0,0,0,0,0,0,0,0,0,0,0,0,0,0,0,0,0,0,0,0,0,1,0,0,0,0,0,0,0,0,0,0,0,0,0,0,0,0,0,0,0,0,0,0,0,0,0,0,0,0,0,0,0,0,0,0,0
North East and Yorkshire,RCF,AIREDALE NHS FOUNDATION TRUST,0,0,0,0,0,0,0,0,0,0,0,0,0,0,0,0,0,0,1,0,0,0,0,0,0,0,1,1,2,1,4,1,0,2,0,6,0,4,2,4,2,2,7,4,1,1,3,4,3,4,3,1,2,3,4,2,1,3,1,0,1,2,0,1,0,1,3,1,0,0,2,1,1,0,2,0,2,0,1,1,2,0,1,0,0,0,1,0,0,1,1,0,0,0,0,1,0,0,2,0,0,0,0,0,0,0,0,0,0,0,0,0,0,0,0,0,0,0,0,0,0,0,0,0,0,0,0,0,0,0,0,0,0,0,0,0,0,0,0,0,0,1,0,0,0,0,0,0,0,0,0,0,0,0,0,0,0,0,0,0,0,0,0,0,0,0,0,0,0,0,0,0,0
North East and Yorkshire,RFF,BARNSLEY HOSPITAL NHS FOUNDATION TRUST,0,0,0,0,0,0,0,0,0,0,0,0,0,0,0,0,0,0,0,0,0,0,0,0,0,0,1,1,1,2,1,3,3,1,3,3,2,4,6,6,7,2,5,3,2,1,4,1,0,0,3,1,2,5,2,2,1,2,2,1,0,2,5,3,1,0,2,5,1,3,1,1,1,1,0,2,0,2,1,0,0,0,0,0,1,1,1,0,1,3,2,0,1,3,0,1,0,0,3,1,0,0,2,1,0,0,0,3,1,0,0,0,1,2,0,0,1,1,1,0,0,0,0,0,1,0,1,0,0,1,0,0,0,0,0,0,0,0,0,0,0,0,0,0,0,0,0,0,0,0,0,0,0,0,0,0,0,0,0,0,0,0,0,0,0,0,0,0,0,0,0,0,0
North East and Yorkshire,TAD,BRADFORD DISTRICT CARE NHS FOUNDATION TRUST,0,0,0,0,0,0,0,0,0,0,0,0,0,0,0,0,0,0,0,0,0,0,0,0,0,0,0,0,0,0,0,0,0,0,0,0,0,0,0,0,0,0,0,1,0,0,0,1,0,0,0,0,0,0,0,0,0,0,0,0,0,0,0,0,0,0,0,0,0,0,0,0,0,0,0,0,0,0,0,0,0,0,0,0,0,0,0,0,0,0,0,0,0,0,0,0,0,0,0,0,0,0,0,0,0,0,0,0,0,0,0,0,0,0,0,0,0,0,0,0,0,0,0,0,0,0,0,0,0,0,0,0,0,0,0,0,0,0,0,0,0,0,0,0,0,0,0,0,0,0,0,0,0,0,0,0,0,0,0,0,0,0,0,0,0,0,0,0,0,0,0,0,0
North East and Yorkshire,RAE,BRADFORD TEACHING HOSPITALS NHS FOUNDATION TRUST,0,0,0,0,0,0,0,0,0,0,0,0,0,0,0,0,0,0,0,0,0,0,0,0,0,0,0,1,2,2,0,5,4,3,1,2,3,2,1,8,5,10,6,9,5,4,6,6,1,3,7,8,2,4,2,5,3,11,2,2,5,3,2,4,2,2,3,2,0,3,3,3,6,2,1,0,1,5,3,0,1,1,2,1,1,0,2,1,2,2,2,1,1,0,2,0,2,2,0,0,0,1,3,0,2,0,0,0,0,1,2,0,2,1,1,0,1,0,1,0,1,0,1,1,1,0,0,1,0,0,2,0,0,0,1,0,0,0,0,0,0,0,0,1,0,0,0,1,1,0,0,0,0,0,1,1,0,0,0,0,0,0,0,0,0,0,0,0,0,0,1,0,0
North East and Yorkshire,RWY,CALDERDALE AND HUDDERSFIELD NHS FOUNDATION TRUST,0,0,0,0,0,0,0,0,0,0,0,0,0,0,0,0,0,0,0,0,0,0,0,1,0,0,1,0,1,3,5,3,3,8,5,4,3,4,4,7,12,5,5,2,5,3,7,4,3,4,2,2,2,3,0,1,3,2,3,2,4,2,1,0,1,3,0,1,1,1,1,2,0,2,0,0,2,0,0,0,0,0,0,0,0,1,2,0,1,2,0,1,1,0,1,0,0,1,0,0,0,0,0,0,1,0,0,0,0,1,0,0,0,0,0,0,0,0,0,0,0,0,0,0,0,0,0,0,0,1,0,0,0,0,1,0,0,0,0,0,1,0,0,0,1,0,0,0,0,0,0,0,0,0,0,0,1,0,0,1,0,0,1,0,0,0,0,0,0,0,0,0,0
North East and Yorkshire,NNF94,CITY HEALTH CARE PARTNERSHIP CIC - EAST RIDING COMMUNITY HOSPITAL,0,0,0,0,0,0,0,0,0,0,0,0,0,0,0,0,0,0,0,0,0,0,0,0,0,0,0,0,0,0,0,0,0,0,0,0,0,0,0,0,0,0,0,0,0,0,1,0,1,0,0,1,0,0,0,0,1,0,2,0,0,0,0,0,0,0,0,0,0,0,0,1,0,0,0,0,0,0,0,0,0,0,0,0,0,1,0,1,0,0,0,1,0,0,1,0,0,1,0,1,0,0,0,0,0,0,0,0,0,0,0,0,1,0,0,0,0,0,0,0,0,0,1,0,0,0,0,0,0,0,0,0,0,0,0,0,0,0,0,0,0,0,0,0,0,0,0,0,0,0,0,0,0,0,0,0,0,0,0,0,0,0,0,0,0,0,0,0,0,0,0,0,0
North East and Yorkshire,RXP,COUNTY DURHAM AND DARLINGTON NHS FOUNDATION TRUST,0,0,0,0,0,0,0,0,0,0,0,0,0,0,0,0,0,0,0,0,1,1,1,1,0,0,3,3,1,2,9,3,2,2,9,6,7,3,11,6,6,8,5,7,2,10,1,3,4,7,7,5,6,6,2,6,5,3,2,3,2,4,8,0,2,6,4,1,2,1,3,1,2,2,0,3,2,1,3,3,2,0,3,1,1,1,1,1,2,1,4,1,1,1,2,0,2,1,0,0,1,0,2,0,0,0,0,0,1,0,0,0,0,0,0,1,1,0,1,0,1,0,0,0,0,0,0,0,0,0,0,0,0,0,0,0,0,0,0,0,0,0,0,0,0,0,0,0,0,0,0,0,0,0,0,0,0,0,0,0,0,0,0,0,0,0,0,0,0,0,0,0,0
North East and Yorkshire,RX4,"CUMBRIA, NORTHUMBERLAND, TYNE AND WEAR NHS FOUNDATION TRUST",0,0,0,0,0,0,0,0,0,0,0,0,0,0,0,0,0,0,0,0,0,0,0,0,0,0,0,0,0,0,0,0,0,0,0,0,0,0,2,0,0,0,0,0,0,1,0,1,0,1,0,0,0,1,0,0,0,1,0,0,0,0,0,0,0,0,0,0,0,0,0,0,0,0,0,0,0,0,0,0,0,0,0,0,0,0,0,0,0,0,0,0,0,0,0,0,0,0,0,0,0,0,0,0,0,0,0,0,0,0,0,0,0,0,0,0,0,0,0,0,0,0,0,0,0,0,0,0,0,0,0,0,0,0,0,0,0,0,0,0,0,0,0,0,0,0,0,0,0,0,0,0,0,0,0,0,0,0,0,0,0,0,0,0,0,0,0,0,0,0,0,0,0
North East and Yorkshire,RP5,DONCASTER AND BASSETLAW TEACHING HOSPITALS NHS FOUNDATION TRUST,0,0,0,0,0,0,0,0,0,0,0,0,0,0,0,0,0,0,0,0,0,0,0,1,0,1,0,0,1,0,1,0,3,2,2,9,4,7,0,2,2,3,5,6,2,2,3,5,1,3,2,2,4,4,2,4,1,1,7,9,3,0,0,6,2,3,0,2,2,4,6,5,1,5,6,1,1,2,2,3,6,4,7,1,3,3,0,1,0,0,1,1,1,2,4,2,1,3,3,3,1,1,2,2,1,4,0,0,1,1,1,1,0,1,1,1,3,2,1,1,0,0,0,0,1,1,0,1,0,0,1,0,0,0,0,0,0,0,1,0,0,0,0,0,0,0,1,0,0,0,0,0,0,0,0,0,0,1,0,0,0,0,0,0,0,0,0,0,0,0,0,0,0
North East and Yorkshire,RR7,GATESHEAD HEALTH NHS FOUNDATION TRUST,0,0,0,0,0,0,0,0,0,0,0,0,0,0,0,0,0,0,0,0,0,0,0,0,0,0,0,1,1,2,5,0,2,4,1,4,3,2,6,9,7,5,4,2,4,3,4,3,4,1,5,4,3,1,2,2,2,3,6,0,4,1,5,1,1,2,0,1,0,1,1,1,1,0,0,2,0,1,0,1,1,1,0,0,0,0,0,0,0,0,0,0,1,0,0,1,0,0,0,0,0,0,0,1,1,0,0,0,0,0,0,0,0,0,1,0,0,0,0,0,0,0,0,0,0,0,0,0,0,0,0,0,0,0,0,0,0,0,0,0,0,0,0,0,0,0,0,0,0,0,0,0,0,0,0,0,0,0,0,0,0,0,0,0,0,0,0,0,0,0,0,1,0
North East and Yorkshire,RCD,HARROGATE AND DISTRICT NHS FOUNDATION TRUST,0,0,0,0,0,0,0,0,0,0,0,0,0,0,0,0,1,0,0,0,0,0,0,1,0,0,0,0,1,1,1,1,0,0,3,1,3,4,1,3,0,1,1,2,1,1,1,3,0,2,1,2,2,0,3,2,1,1,1,1,1,1,1,0,1,1,0,0,1,0,0,2,1,0,0,1,0,0,0,2,1,0,1,2,0,2,1,0,0,0,0,0,0,0,0,2,0,0,2,0,1,1,1,0,2,0,2,1,0,1,1,0,0,0,0,0,0,0,0,0,0,0,0,0,0,1,0,0,0,0,0,0,0,0,0,0,0,1,0,0,0,0,0,0,0,0,0,0,0,0,0,0,0,0,0,0,0,0,0,0,0,0,0,0,0,0,0,0,0,0,0,0,0
North East and Yorkshire,RWA,HULL UNIVERSITY TEACHING HOSPITALS NHS TRUST,0,0,0,0,0,0,0,0,0,0,0,0,0,0,0,0,0,0,0,1,0,0,0,0,0,1,0,1,2,0,0,1,4,2,2,1,5,6,1,3,2,2,1,1,5,3,1,2,5,6,3,6,3,4,1,7,1,4,2,4,3,6,4,2,2,1,1,3,4,4,5,1,3,3,1,2,3,1,0,3,1,4,3,3,0,2,0,2,5,1,1,2,0,1,1,4,1,2,1,1,2,3,2,0,0,2,2,1,2,1,1,1,0,0,1,1,1,0,0,0,0,1,0,0,0,1,1,0,0,0,0,0,2,0,0,0,0,0,0,0,0,0,0,0,1,0,0,0,0,0,0,0,0,0,0,0,0,0,1,0,0,0,1,0,0,1,0,0,0,0,0,0,0
North East and Yorkshire,RV9,HUMBER TEACHING NHS FOUNDATION TRUST,0,0,0,0,0,0,0,0,0,0,0,0,0,0,0,0,0,0,0,0,0,0,0,0,0,0,0,0,0,0,0,0,0,0,0,0,0,1,0,0,0,0,0,0,0,0,0,0,0,0,0,0,0,0,0,0,0,0,0,0,0,0,0,0,0,0,0,0,0,0,0,0,0,0,0,0,0,0,0,0,0,0,0,0,0,0,0,0,0,0,0,0,0,0,0,0,0,0,0,0,0,0,0,0,0,0,0,0,0,0,0,0,0,0,0,0,0,0,0,0,0,0,0,0,0,0,0,0,0,0,0,0,0,0,0,0,0,0,0,0,0,0,0,0,0,0,0,0,0,0,0,0,0,0,0,0,0,0,0,0,0,0,0,0,0,0,0,0,0,0,0,0,0
North East and Yorkshire,RGD,LEEDS AND YORK PARTNERSHIP NHS FOUNDATION TRUST,0,0,0,0,0,0,0,0,0,0,0,0,0,0,0,0,0,0,0,0,0,0,0,0,0,0,0,0,0,0,0,0,0,0,0,0,0,0,0,0,0,0,0,0,0,0,0,0,0,1,0,0,0,0,0,0,0,1,0,0,0,0,0,0,0,0,0,0,0,0,0,0,0,0,0,1,0,0,0,0,0,0,0,0,1,0,0,0,0,0,0,0,0,0,0,0,0,0,0,0,0,0,0,0,0,0,0,0,0,0,0,0,0,0,0,0,0,0,0,0,0,0,0,0,0,0,0,0,0,0,0,0,0,0,0,0,0,0,0,0,0,0,0,0,0,0,0,0,0,0,0,0,0,0,0,0,0,0,0,0,0,0,0,0,0,0,0,0,0,0,0,0,0
North East and Yorkshire,RR8,LEEDS TEACHING HOSPITALS NHS TRUST,0,0,0,0,0,0,0,0,0,0,0,0,0,0,0,0,1,0,0,0,0,1,1,2,1,1,2,5,4,5,5,3,1,8,3,7,6,10,10,6,9,7,5,5,9,7,12,13,11,9,10,10,8,5,4,7,6,4,8,5,8,7,5,3,3,3,3,7,2,4,3,2,0,0,3,2,2,3,4,1,0,0,2,0,1,0,1,2,0,0,2,1,1,3,2,2,0,1,1,1,0,0,1,1,1,0,1,0,0,2,3,2,0,0,0,0,0,0,1,0,0,0,0,0,0,0,0,0,0,0,0,0,0,0,1,0,0,0,0,0,0,0,0,0,0,0,0,0,0,0,0,0,0,0,0,0,0,1,0,0,0,0,0,1,0,0,0,0,0,0,0,0,0
North East and Yorkshire,RXF,MID YORKSHIRE HOSPITALS NHS TRUST,0,0,0,0,0,0,0,0,0,0,0,0,0,0,0,1,1,0,0,0,0,0,0,0,0,1,2,2,4,5,4,5,4,6,9,11,5,7,5,7,8,8,6,3,13,5,9,10,12,8,13,10,2,8,7,1,3,2,6,4,3,2,4,2,2,5,5,4,3,1,1,1,1,3,4,2,3,3,3,4,1,1,3,2,2,3,1,2,3,0,2,3,4,2,1,2,3,2,2,0,1,3,1,0,0,0,0,1,1,0,0,0,0,0,1,0,0,0,0,0,1,1,2,0,0,0,1,0,1,0,0,0,0,1,0,0,0,1,0,0,0,0,0,0,0,0,0,1,0,0,2,0,0,0,1,0,0,0,0,2,0,0,0,0,0,0,0,0,0,0,0,0,0
North East and Yorkshire,RNN,NORTH CUMBRIA INTEGRATED CARE NHS FOUNDATION TRUST,0,0,0,0,0,0,0,0,0,0,0,0,0,0,0,0,0,0,0,2,1,0,0,1,3,4,2,1,4,2,2,3,3,5,7,2,2,3,8,6,5,6,3,3,4,6,2,6,4,1,4,0,3,3,4,1,2,2,1,0,1,4,1,1,0,1,1,3,3,2,0,2,2,1,1,2,1,1,0,1,0,1,1,0,0,1,0,0,1,0,0,0,1,0,1,0,0,0,0,0,0,0,1,0,0,0,0,0,0,0,1,0,1,0,0,2,0,0,0,1,0,0,1,0,0,0,0,1,0,0,0,0,0,0,1,0,0,0,2,0,0,0,0,0,2,0,0,1,0,0,0,1,0,1,0,1,0,0,0,1,0,1,0,0,1,1,0,1,0,0,0,0,0
North East and Yorkshire,RVW,NORTH TEES AND HARTLEPOOL NHS FOUNDATION TRUST,0,0,0,0,0,0,0,0,0,0,0,0,0,0,0,1,0,0,0,0,1,1,0,0,0,0,1,0,0,0,4,5,1,1,2,1,1,0,1,2,7,4,0,2,2,7,3,1,2,4,1,4,2,3,4,1,2,1,1,1,3,2,1,1,2,0,0,3,0,3,2,0,2,1,1,2,0,1,2,3,3,2,1,0,3,3,0,1,0,2,2,1,1,0,2,1,2,3,1,1,2,0,0,1,0,1,1,0,1,1,0,0,0,0,0,0,0,1,0,0,0,0,0,0,0,0,0,0,0,0,0,0,0,0,0,0,0,0,0,0,0,0,0,0,0,0,0,0,0,0,0,0,0,0,0,0,0,0,0,0,0,0,0,0,1,0,0,0,0,0,0,0,0
North East and Yorkshire,RJL,NORTHERN LINCOLNSHIRE AND GOOLE NHS FOUNDATION TRUST,0,0,0,0,0,0,0,0,0,0,0,0,0,0,0,0,0,0,0,0,0,0,0,0,0,1,2,0,1,0,1,4,1,2,3,1,0,1,1,1,5,5,0,2,1,2,2,3,1,2,3,7,2,7,2,2,5,2,1,4,1,3,2,0,3,2,3,0,2,1,3,0,0,0,0,1,1,2,1,0,0,1,0,1,1,1,5,1,1,0,0,1,0,0,0,1,0,0,1,0,0,0,0,0,0,0,0,0,0,0,0,0,0,0,1,0,0,0,0,0,1,0,0,0,0,0,0,0,0,0,0,0,0,0,0,0,0,0,0,0,0,0,0,0,0,0,0,0,0,0,0,0,0,0,0,0,0,0,0,0,0,0,0,0,0,0,0,0,0,0,0,0,0
North East and Yorkshire,RTF,NORTHUMBRIA HEALTHCARE NHS FOUNDATION TRUST,0,0,0,0,0,0,0,0,0,0,0,0,0,0,0,0,0,0,1,0,0,0,0,0,0,2,1,3,1,1,1,2,4,4,7,9,10,3,7,4,4,5,5,4,5,5,4,4,6,8,1,3,3,2,1,1,7,2,3,4,5,5,1,1,1,5,2,2,2,5,2,3,1,0,1,2,2,2,1,2,0,1,1,1,1,0,0,2,0,2,0,1,0,0,1,2,1,0,0,1,0,1,1,0,0,0,0,1,0,0,0,0,0,0,1,0,0,0,0,0,1,0,0,0,1,0,0,0,0,0,0,0,0,0,0,0,0,0,0,0,0,0,0,0,0,0,0,0,0,0,0,0,0,0,0,0,0,0,0,0,0,0,0,0,0,0,0,0,0,0,0,0,0
North East and Yorkshire,RXE,ROTHERHAM DONCASTER AND SOUTH HUMBER NHS FOUNDATION TRUST,0,0,0,0,0,0,0,0,0,0,0,0,0,0,0,0,0,0,0,0,0,0,0,0,0,0,0,0,0,0,0,0,0,0,1,0,0,0,0,0,0,0,0,0,0,0,0,0,0,0,0,0,0,0,0,0,0,0,0,0,0,0,0,0,0,0,0,0,0,0,0,0,0,0,0,0,0,0,0,0,0,0,0,0,0,0,0,1,1,0,0,0,0,0,0,0,0,0,0,0,0,0,0,0,0,0,0,0,0,0,0,0,0,0,0,0,0,0,0,0,0,0,1,0,0,0,0,0,0,0,0,0,0,0,0,0,0,0,0,0,0,0,0,0,0,0,0,0,0,0,0,0,0,0,0,0,0,0,0,0,0,0,0,0,0,0,0,0,0,0,0,0,0
North East and Yorkshire,RCU,SHEFFIELD CHILDREN'S NHS FOUNDATION TRUST,0,0,0,0,0,0,0,0,0,0,0,0,0,0,0,0,0,0,0,0,0,0,0,0,0,0,0,0,0,0,0,0,0,0,0,0,0,0,0,0,0,0,0,0,0,0,0,0,0,0,0,0,0,0,0,0,0,0,0,0,0,0,0,0,0,0,0,0,0,0,0,0,0,0,0,0,0,0,0,0,0,0,0,0,0,0,0,0,0,0,0,0,0,0,0,0,0,0,0,0,0,0,0,0,0,0,0,1,0,0,0,0,0,0,0,0,0,0,0,0,0,0,0,0,0,0,0,0,0,0,0,0,0,0,0,0,0,0,0,0,0,0,0,0,0,0,0,0,0,0,0,0,0,0,0,0,0,0,0,0,0,0,0,0,0,0,0,0,0,0,0,0,0
North East and Yorkshire,TAH,Sheffield Health and Social Care NHS Foundation Trust,0,0,0,0,0,0,0,0,0,0,0,0,0,0,0,0,0,0,0,0,0,0,0,0,0,0,0,0,0,0,0,0,1,0,0,0,0,1,0,0,0,0,0,0,0,0,0,0,0,0,0,0,0,0,0,0,0,0,0,0,0,0,0,0,0,0,0,0,0,0,0,0,0,0,0,0,0,0,0,0,0,0,0,0,0,0,0,0,0,0,0,0,0,0,0,0,0,0,0,0,0,0,0,0,0,0,0,0,0,0,0,0,0,0,0,0,0,0,0,0,0,0,0,0,0,0,0,0,0,0,0,0,0,0,0,0,0,0,0,0,0,0,0,0,0,0,0,0,0,0,0,0,0,0,0,0,0,0,0,0,0,0,0,0,0,0,0,0,0,0,0,0,0
North East and Yorkshire,RHQ,SHEFFIELD TEACHING HOSPITALS NHS FOUNDATION TRUST,0,0,0,0,0,0,0,0,0,0,0,0,0,0,0,0,0,1,0,0,1,1,1,0,3,3,0,2,2,4,3,6,4,3,12,4,10,3,5,13,6,10,7,1,6,11,6,9,5,6,4,8,7,7,4,3,10,3,3,1,3,4,7,5,1,3,2,4,2,0,2,3,1,1,3,3,1,3,0,1,1,3,3,4,1,2,2,1,1,2,1,3,1,0,0,0,1,0,2,0,2,0,1,0,0,1,1,0,1,0,0,0,0,0,0,0,1,0,1,0,0,0,0,0,0,0,1,0,0,1,0,0,0,0,0,1,0,0,0,0,0,0,0,0,0,0,0,0,0,0,0,0,0,0,0,0,0,0,0,0,0,0,0,1,0,0,0,0,0,0,2,0,0
North East and Yorkshire,RTR,SOUTH TEES HOSPITALS NHS FOUNDATION TRUST,0,0,0,0,0,0,0,0,0,0,0,0,0,0,0,0,0,0,0,1,0,0,0,0,0,1,0,3,3,2,9,5,10,3,9,5,9,6,8,2,4,9,9,7,6,10,6,7,3,7,10,3,2,4,1,7,2,3,5,1,3,2,5,2,2,2,3,4,2,2,2,2,0,1,1,1,0,2,0,1,2,2,1,2,0,0,0,1,2,2,4,1,2,1,0,1,2,2,0,2,1,1,0,1,0,0,1,0,1,1,0,1,0,0,0,1,0,0,0,0,0,0,0,0,0,0,0,0,0,0,0,0,0,0,0,0,0,0,0,0,0,0,1,0,0,0,0,0,0,0,0,0,0,0,0,0,0,0,0,0,0,0,0,0,0,0,0,0,0,0,0,0,0
North East and Yorkshire,R0B,SOUTH TYNESIDE AND SUNDERLAND NHS FOUNDATION TRUST,0,0,0,0,0,0,0,0,0,0,0,0,0,0,0,0,0,0,0,1,0,0,2,2,1,1,3,2,2,3,3,6,8,13,8,17,9,19,11,10,10,14,16,9,5,11,9,3,6,6,6,11,8,7,8,2,4,5,2,4,3,0,4,7,4,2,2,2,4,2,1,2,0,1,1,1,2,4,2,1,0,1,1,2,0,2,1,0,0,0,0,0,2,0,1,0,0,0,0,1,0,0,0,0,0,1,0,0,0,0,0,1,0,0,0,0,0,0,0,0,0,0,0,0,0,0,0,0,0,0,0,0,0,0,0,0,0,0,0,0,0,0,0,0,0,0,0,0,0,0,0,0,0,0,0,0,0,0,0,0,0,0,0,0,0,0,0,0,0,0,0,0,0
North East and Yorkshire,RX3,"TEES, ESK AND WEAR VALLEYS NHS FOUNDATION TRUST",0,0,0,0,0,0,0,0,0,0,0,0,0,0,0,0,0,0,0,0,0,0,0,0,0,0,0,0,0,0,0,0,0,0,1,1,0,0,0,0,1,1,1,0,0,0,0,0,0,0,0,0,0,0,0,0,0,0,0,0,0,0,0,0,1,0,0,0,0,0,1,0,0,0,0,0,0,0,0,0,0,0,0,0,0,0,0,0,0,0,0,0,0,0,0,0,0,0,0,0,0,0,0,0,0,0,0,0,0,0,0,0,0,0,0,0,0,0,0,0,0,0,0,0,0,0,0,0,0,0,0,0,0,0,0,0,0,0,0,0,0,0,0,0,0,0,0,0,0,0,0,0,0,0,0,0,0,0,0,0,0,0,0,0,0,0,0,0,0,0,0,0,0
North East and Yorkshire,RTD,THE NEWCASTLE UPON TYNE HOSPITALS NHS FOUNDATION TRUST,0,0,0,0,0,0,0,0,0,0,0,0,0,0,0,0,0,0,0,0,0,2,2,0,0,1,1,0,1,1,4,2,3,2,5,4,4,2,2,3,2,5,3,3,5,3,1,2,7,4,0,2,0,1,3,1,3,0,1,3,3,1,2,1,1,1,1,2,1,0,1,0,1,3,1,0,1,0,1,0,0,0,0,1,0,0,0,2,0,0,1,0,1,0,0,1,0,0,0,0,0,0,0,0,0,0,1,0,0,0,0,0,0,0,0,0,0,0,0,0,0,0,0,0,0,0,0,0,0,0,0,0,0,0,0,0,0,0,0,0,0,0,0,0,0,0,0,0,0,0,0,0,0,0,0,0,0,0,0,0,0,0,0,0,0,0,0,0,0,0,1,0,0
North East and Yorkshire,RFR,THE ROTHERHAM NHS FOUNDATION TRUST,0,0,0,0,0,0,0,0,0,0,0,0,0,0,0,0,0,0,0,0,1,0,0,0,0,0,0,0,1,0,0,1,3,2,4,3,3,2,3,2,4,4,1,4,5,6,5,5,7,0,2,5,6,0,2,10,3,5,1,3,7,3,0,2,2,3,1,2,4,0,3,1,1,0,1,2,5,1,1,0,5,0,1,1,2,2,3,0,0,3,0,2,1,4,4,2,2,0,3,1,0,1,1,0,1,1,2,0,1,0,1,0,0,0,0,2,2,0,1,2,0,0,1,0,0,1,0,0,1,0,0,0,1,0,0,0,1,0,0,1,1,1,0,0,2,0,0,2,0,0,0,0,0,0,1,0,0,0,0,0,0,0,0,0,0,0,0,0,0,0,0,0,0
North East and Yorkshire,RCB,YORK TEACHING HOSPITAL NHS FOUNDATION TRUST,0,0,0,0,0,0,0,0,0,0,0,0,0,0,0,0,0,0,0,1,0,0,0,0,0,1,1,2,0,2,2,1,3,2,3,4,3,2,7,3,3,1,3,4,6,5,6,7,2,8,1,5,7,6,5,5,3,4,5,5,6,3,6,6,6,3,4,2,9,5,1,6,4,1,1,1,3,1,1,3,1,0,2,0,0,1,0,2,2,0,2,0,0,0,0,0,0,0,0,1,0,0,1,0,0,0,0,1,0,0,1,0,0,0,0,0,0,0,0,0,0,0,0,0,0,0,0,0,0,0,0,0,0,0,0,0,0,0,0,0,0,0,0,0,0,0,0,0,0,0,0,0,0,0,0,0,0,0,0,0,0,0,0,0,0,0,0,0,0,0,0,0,0
North West,RBS,ALDER HEY CHILDREN'S NHS FOUNDATION TRUST,0,0,0,0,0,0,0,0,0,0,0,0,0,0,0,0,0,0,0,0,0,0,0,0,0,0,0,0,0,0,0,0,0,0,0,0,0,0,0,0,0,0,0,0,0,0,0,1,0,0,0,0,0,1,0,0,1,0,1,0,0,0,0,0,0,0,0,0,0,0,0,0,0,0,0,0,0,0,0,0,0,0,0,0,0,0,0,0,0,0,0,0,0,0,0,0,0,0,0,0,0,0,0,0,0,0,0,0,0,0,0,0,0,0,0,0,0,0,0,0,0,0,0,0,0,0,0,0,0,0,0,0,0,0,0,0,0,0,0,0,0,0,0,0,0,0,0,0,0,0,0,0,0,0,0,0,0,0,0,0,0,0,0,0,0,0,0,0,0,0,0,0,0
North West,RXL,BLACKPOOL TEACHING HOSPITALS NHS FOUNDATION TRUST,0,0,0,0,0,0,0,0,0,0,0,0,0,0,0,0,0,0,0,0,0,0,0,0,0,0,0,1,0,3,2,1,2,7,2,2,4,2,4,3,6,4,3,11,7,8,3,5,1,5,2,3,2,4,6,2,3,2,3,2,6,2,4,5,3,2,2,4,1,2,1,5,4,2,3,2,1,1,0,2,3,2,5,1,4,1,1,1,3,3,3,3,1,1,2,0,4,2,4,2,4,0,2,1,2,2,3,0,0,0,1,1,0,1,1,1,1,0,0,0,0,1,0,0,0,0,1,1,0,1,0,0,0,0,0,0,0,0,0,0,0,0,0,1,0,1,0,0,0,0,0,0,0,0,0,0,0,0,1,0,0,0,1,0,1,0,0,1,0,0,0,0,0
North West,RMC,BOLTON NHS FOUNDATION TRUST,0,0,0,0,0,0,0,0,0,0,0,0,0,0,0,0,0,0,0,0,1,0,0,2,2,0,0,0,1,1,0,2,3,2,7,7,11,5,8,3,4,5,9,7,10,9,10,10,8,4,4,3,4,1,4,4,3,2,2,5,2,5,0,0,7,4,2,3,4,2,0,0,2,2,0,2,1,0,2,0,0,2,1,2,1,3,0,2,0,1,2,0,0,1,1,0,1,1,0,1,0,0,1,0,0,0,0,0,0,0,0,0,0,0,0,0,0,0,0,0,0,0,0,0,0,2,0,1,1,0,0,1,0,0,0,0,0,0,0,0,0,0,0,0,0,0,0,0,0,0,1,0,0,0,0,0,2,1,0,0,0,0,0,0,0,0,0,0,0,0,0,0,0
North West,RXA,CHESHIRE AND WIRRAL PARTNERSHIP NHS FOUNDATION TRUST,0,0,0,0,0,0,0,0,0,0,0,0,0,0,0,0,0,0,0,0,0,0,0,0,0,0,0,0,0,0,0,0,0,0,0,0,0,0,0,0,1,1,0,0,1,0,0,0,0,0,0,0,0,0,0,0,0,0,1,0,0,0,0,0,0,0,0,0,0,0,0,0,0,0,0,0,0,0,0,0,0,0,0,0,0,0,0,0,0,0,0,0,0,0,0,0,0,0,0,0,0,0,0,0,0,0,0,0,0,0,0,0,0,0,0,0,0,0,0,0,0,0,0,0,0,0,0,0,0,0,0,0,0,0,0,0,0,0,0,0,0,0,0,0,0,0,0,0,0,0,0,0,0,0,0,0,0,0,0,0,0,0,0,0,0,0,0,0,0,0,0,0,0
North West,RJR,COUNTESS OF CHESTER HOSPITAL NHS FOUNDATION TRUST,0,0,0,0,0,0,0,0,0,0,0,0,1,1,0,0,0,0,0,0,0,0,0,0,1,0,2,1,0,1,2,0,5,3,2,2,4,6,7,6,6,4,6,6,6,5,5,5,5,5,4,3,3,4,5,0,4,2,2,2,3,5,1,2,1,3,2,0,2,0,1,2,0,1,1,3,0,0,2,3,2,4,3,1,3,0,1,1,0,0,1,3,0,1,2,2,2,2,3,1,0,0,0,0,2,0,2,0,1,4,0,3,1,0,0,3,4,1,0,1,0,1,1,1,0,0,0,0,2,1,2,2,1,1,0,2,0,0,0,0,1,0,0,0,0,0,0,0,0,0,0,0,0,0,0,0,0,0,0,0,0,0,0,0,0,0,0,0,0,0,0,0,0
North West,RJN,EAST CHESHIRE NHS TRUST,0,0,0,0,0,0,0,0,0,0,0,0,0,0,0,0,0,0,0,0,0,0,3,0,0,0,0,1,3,0,1,0,3,2,5,0,4,3,4,1,2,2,0,3,6,4,3,3,1,4,2,4,0,1,2,1,1,1,3,1,5,1,3,2,0,2,1,1,2,0,0,2,3,6,2,1,2,0,2,2,2,0,0,0,0,2,0,0,1,0,2,0,0,1,1,3,1,0,0,2,1,1,0,2,0,0,0,0,2,0,1,0,1,1,2,0,0,2,0,2,1,1,0,0,0,0,0,0,0,0,1,0,0,0,0,0,1,0,0,0,0,0,0,0,1,0,0,0,0,0,0,0,0,0,0,0,0,0,0,0,0,0,0,0,0,0,0,0,0,0,0,0,0
North West,RXR,EAST LANCASHIRE HOSPITALS NHS TRUST,0,0,0,0,0,0,0,0,0,0,0,0,0,0,0,0,0,0,1,0,1,0,0,1,1,0,0,0,2,2,1,1,6,5,5,4,3,1,9,9,7,4,6,7,2,1,4,5,4,8,1,3,2,4,4,2,1,5,3,3,3,6,1,5,3,5,2,5,2,1,4,2,1,0,2,2,0,1,1,2,2,1,0,2,1,1,2,0,3,0,0,0,0,0,0,0,2,0,2,2,0,0,0,0,2,0,0,1,1,0,0,0,1,0,0,0,0,0,0,1,0,0,0,0,0,0,0,0,0,0,0,0,0,0,0,1,0,1,0,1,0,0,0,0,0,0,0,0,0,0,0,0,0,0,0,0,2,0,0,0,0,0,0,0,0,0,0,0,2,1,0,0,0
North West,RXV,GREATER MANCHESTER MENTAL HEALTH NHS FOUNDATION TRUST,0,0,0,0,0,0,0,0,0,0,0,0,0,0,0,0,0,0,0,0,0,0,0,0,0,0,0,0,0,0,0,0,0,0,0,0,0,0,0,0,0,0,0,0,0,0,0,0,1,0,4,0,1,1,0,0,0,1,0,0,1,0,0,0,0,0,0,0,0,0,0,0,0,0,0,0,0,0,0,0,0,0,0,0,0,0,0,0,0,0,0,0,0,0,0,0,0,0,0,0,0,0,0,0,0,0,0,0,0,0,0,0,0,0,0,0,0,0,0,0,0,0,0,0,0,0,0,0,0,0,0,0,0,0,0,0,0,0,0,0,0,0,0,0,0,0,0,0,0,0,0,0,0,0,0,0,0,0,0,0,0,0,0,0,0,0,0,0,0,0,0,0,0
North West,RXN,LANCASHIRE TEACHING HOSPITALS NHS FOUNDATION TRUST,0,0,0,0,0,0,0,0,0,0,0,0,0,0,0,0,0,0,0,0,0,0,1,1,0,0,0,1,0,2,2,2,2,2,2,3,4,4,2,5,3,2,5,7,3,5,11,5,10,3,4,6,5,1,6,8,7,1,3,2,6,2,2,3,3,3,5,2,4,1,5,5,3,0,2,1,1,3,3,2,3,2,0,4,1,5,3,1,1,3,0,2,1,0,3,3,1,0,1,1,3,2,3,1,0,1,4,0,0,0,2,0,0,0,2,0,2,0,0,0,1,2,0,1,0,0,0,1,0,1,1,0,0,1,0,0,0,0,0,0,0,0,0,0,0,0,0,0,0,0,0,1,0,0,0,0,0,0,0,0,0,0,0,0,0,0,0,0,0,0,0,0,0
North West,RBQ,LIVERPOOL HEART AND CHEST HOSPITAL NHS FOUNDATION TRUST,0,0,0,0,0,0,0,0,0,0,0,0,0,0,0,0,0,0,0,0,0,0,0,0,0,0,0,0,0,0,0,0,0,0,0,1,0,1,0,1,0,0,1,0,0,1,0,3,0,2,0,1,1,2,0,2,0,0,0,0,0,0,0,0,0,1,0,1,0,0,0,0,0,0,0,0,0,0,0,0,0,0,0,0,0,0,0,0,0,0,0,0,0,0,0,0,0,0,0,0,0,0,0,0,0,0,0,0,0,0,1,0,0,0,0,0,0,0,0,0,0,0,0,0,0,0,0,0,0,0,0,0,0,0,0,0,0,0,0,0,0,0,0,0,0,0,0,0,0,0,0,0,0,0,0,0,0,0,0,0,0,0,0,0,0,0,0,0,0,0,0,0,0
North West,REM,LIVERPOOL UNIVERSITY HOSPITALS NHS FOUNDATION TRUST,0,0,0,0,0,0,0,0,0,0,0,0,0,0,0,0,0,0,0,1,1,3,1,0,2,3,4,4,3,5,9,5,11,13,11,13,15,10,23,24,23,11,13,9,19,10,14,12,8,11,12,6,6,15,9,13,5,3,8,4,1,4,3,2,6,3,4,2,4,5,1,2,0,2,5,1,4,4,2,4,2,3,6,2,2,0,2,1,1,1,0,1,1,0,0,0,1,0,1,0,2,0,1,1,1,0,0,1,1,0,1,1,0,2,0,0,0,1,1,0,0,1,1,0,1,0,0,0,0,0,0,1,0,1,0,0,0,0,0,0,1,0,0,0,0,0,0,0,0,0,0,0,0,0,0,0,0,0,0,0,0,1,0,1,0,0,0,0,1,0,0,0,0
North West,R0A,MANCHESTER UNIVERSITY NHS FOUNDATION TRUST,0,0,0,0,0,0,0,0,0,0,0,0,1,0,0,1,1,1,1,0,1,1,1,0,2,2,3,1,3,4,5,2,5,10,8,7,7,4,9,13,16,9,13,11,7,10,9,16,14,9,8,9,8,7,11,6,9,3,4,10,4,6,3,3,3,4,7,8,2,7,1,3,2,2,4,4,3,4,1,2,7,3,0,4,4,1,4,4,5,2,1,4,0,0,4,2,0,2,2,2,2,0,1,2,0,0,0,2,1,1,0,1,0,0,1,4,1,2,2,1,0,1,0,1,1,0,1,1,2,1,0,2,0,0,0,0,0,1,1,1,3,1,0,0,1,0,0,0,0,0,0,0,0,0,0,0,0,0,0,0,0,1,0,0,1,0,0,0,1,0,0,0,0
North West,RW4,MERSEY CARE NHS FOUNDATION TRUST,0,0,0,0,0,0,0,0,0,0,0,0,0,0,0,0,0,0,0,0,0,0,0,0,0,0,0,0,0,0,0,0,0,0,0,0,0,0,0,0,0,0,0,0,0,0,0,0,0,0,1,0,1,0,0,1,0,0,0,0,0,0,0,0,0,0,0,0,0,0,0,0,0,0,0,0,0,0,0,0,0,0,0,0,0,0,0,0,0,0,0,0,0,0,0,0,0,0,0,0,0,0,0,0,0,0,0,0,0,0,0,0,0,0,0,0,0,0,0,0,0,0,0,0,0,0,0,0,0,0,0,0,0,0,0,0,0,0,0,0,0,0,0,0,0,0,0,0,0,0,0,0,0,0,0,0,0,0,0,0,0,0,0,0,0,0,0,0,0,0,0,0,0
North West,RBT,MID CHESHIRE HOSPITALS NHS FOUNDATION TRUST,0,0,0,0,0,0,0,0,0,0,0,0,0,0,0,2,0,1,1,0,0,0,0,1,0,1,0,0,0,3,3,1,3,0,2,3,4,6,2,4,5,6,8,5,4,7,2,6,0,7,2,3,1,3,5,2,2,3,2,2,3,2,3,2,6,4,3,4,3,4,1,1,1,2,2,2,3,1,1,1,2,0,1,2,2,0,1,1,4,2,1,2,4,0,0,1,1,1,5,1,1,2,2,2,1,0,0,1,1,1,0,0,2,1,0,2,0,2,0,0,0,0,0,0,1,0,0,0,1,0,0,0,0,1,0,0,0,0,0,0,0,0,0,0,0,0,0,0,0,0,0,0,0,0,0,0,0,0,0,0,0,0,0,0,0,0,0,0,0,0,0,0,0
North West,R0A90,NHS NIGHTINGALE HOSPITAL NORTH WEST,0,0,0,0,0,0,0,0,0,0,0,0,0,0,0,0,0,0,0,0,0,0,0,0,0,0,0,0,0,0,0,0,0,0,0,0,0,0,0,0,0,0,0,0,0,0,0,0,0,0,0,0,0,1,0,0,0,0,0,0,0,0,0,0,0,0,0,0,0,0,0,0,0,0,0,0,0,1,0,0,0,0,0,0,0,1,0,0,0,0,0,0,0,0,0,0,0,0,2,0,0,0,1,0,0,0,0,0,0,0,0,0,0,0,0,0,0,0,0,0,0,0,0,0,0,0,0,0,0,0,0,0,0,0,0,0,0,0,0,0,0,0,0,0,0,0,0,0,0,0,0,0,0,0,0,0,0,0,0,0,0,0,0,0,0,0,0,0,0,0,0,0,0
North West,RTV,NORTH WEST BOROUGHS HEALTHCARE NHS FOUNDATION TRUST,0,0,0,0,0,0,0,0,0,0,0,0,0,0,0,0,0,0,0,0,0,0,0,0,0,0,0,0,0,0,0,0,0,0,0,0,0,0,0,0,0,0,0,0,0,1,0,0,0,0,0,0,0,0,0,0,0,0,0,0,0,0,0,0,0,0,0,0,0,0,0,0,0,0,0,0,0,0,0,0,0,0,0,0,0,0,0,0,0,0,0,0,0,0,0,0,0,0,0,0,0,0,0,0,0,0,0,0,0,0,0,0,0,0,0,0,0,0,0,0,0,0,0,0,0,0,0,0,0,0,0,0,0,0,0,0,0,0,0,0,0,0,0,0,0,0,0,0,0,0,0,0,0,0,0,0,0,0,0,0,0,0,0,0,0,0,0,0,0,0,0,0,0
North West,RW6,PENNINE ACUTE HOSPITALS NHS TRUST,0,0,0,0,0,1,0,0,1,0,0,0,0,1,1,0,0,1,0,0,0,4,1,1,5,2,7,11,4,8,14,10,4,14,10,9,11,12,18,15,7,18,24,15,16,15,8,13,11,10,3,14,8,5,6,1,9,4,5,2,6,3,6,4,4,1,2,4,7,2,5,8,4,2,1,3,4,2,3,3,2,2,2,3,3,4,3,8,3,4,6,3,2,5,6,4,1,3,1,3,5,4,0,1,1,2,3,4,3,1,2,0,3,0,2,1,3,1,0,2,3,0,2,0,0,3,2,0,2,2,0,1,0,0,0,0,1,0,0,1,0,0,0,0,0,1,0,0,2,0,0,0,1,0,0,0,0,0,1,1,0,0,1,0,0,0,1,0,1,0,0,0,0
North West,RT2,PENNINE CARE NHS FOUNDATION TRUST,0,0,0,0,0,0,0,0,0,0,0,0,0,0,0,0,0,0,0,0,0,0,0,0,0,0,0,0,0,0,0,0,0,0,0,0,0,0,0,0,0,0,0,0,0,1,1,0,0,0,0,0,0,1,0,0,0,0,0,0,0,1,0,0,0,0,0,0,0,0,0,0,0,0,0,0,0,0,1,0,0,0,0,0,0,0,0,0,1,0,0,0,0,0,0,0,0,0,0,0,0,0,0,0,0,0,0,0,0,0,0,0,0,0,0,0,0,0,0,0,0,0,0,0,0,0,0,0,0,0,0,0,0,0,0,0,0,0,0,0,0,0,0,0,0,0,0,0,0,0,0,0,0,0,0,0,0,0,0,0,0,0,0,0,0,0,0,0,0,0,0,0,0
North West,RM3,SALFORD ROYAL NHS FOUNDATION TRUST,0,0,0,0,0,0,0,0,0,0,0,0,0,0,0,0,0,1,0,2,1,1,1,3,4,4,5,0,1,4,7,4,7,5,2,6,4,6,3,4,6,6,4,3,5,2,5,5,2,5,3,3,3,3,0,4,0,2,4,5,1,1,1,5,1,1,2,1,0,1,1,0,0,2,0,0,1,0,0,0,0,0,1,0,1,0,1,0,0,0,0,0,0,1,0,0,3,0,0,0,2,1,0,0,0,0,0,0,2,0,0,1,0,0,0,0,1,0,0,0,0,0,0,0,1,0,0,0,0,0,0,0,0,0,0,1,0,0,0,0,0,0,0,0,0,0,0,0,1,0,0,0,0,0,1,0,0,0,0,0,0,0,0,0,0,0,0,0,0,0,0,0,0
North West,RVY,SOUTHPORT AND ORMSKIRK HOSPITAL NHS TRUST,0,0,0,0,0,0,0,0,0,0,0,0,0,0,0,0,0,0,0,0,0,0,0,0,0,1,0,2,0,2,3,1,3,4,5,5,4,2,6,3,2,2,4,3,2,6,5,4,4,6,2,4,3,9,5,2,2,4,0,1,2,1,2,2,0,0,2,1,0,2,1,0,1,2,1,0,1,1,1,2,0,0,0,0,1,2,2,0,0,1,0,0,0,0,1,0,1,0,1,1,0,0,0,0,0,0,0,2,0,0,0,0,1,0,0,0,0,2,0,0,1,0,0,0,0,0,0,0,0,0,0,0,0,0,0,1,0,0,0,0,0,0,0,0,0,0,1,0,0,0,0,0,0,0,0,0,0,0,0,0,0,0,0,0,0,0,0,0,0,0,0,0,0
North West,RBN,ST HELENS AND KNOWSLEY TEACHING HOSPITALS NHS TRUST,0,0,0,0,0,0,0,0,0,0,0,0,0,0,0,0,0,0,0,0,0,0,1,0,0,0,0,2,3,1,2,2,3,3,4,5,1,5,6,6,5,8,6,10,7,8,8,10,5,6,2,2,3,8,7,1,2,1,3,2,2,4,1,3,3,3,1,3,4,1,1,0,0,2,0,1,2,0,0,1,1,2,1,0,3,2,2,2,2,1,0,0,0,0,1,1,1,0,0,3,0,1,0,0,0,1,1,0,0,1,1,0,0,0,0,0,0,0,0,0,0,0,0,0,0,0,0,0,0,0,0,0,0,0,0,0,0,0,0,1,0,0,0,0,0,0,0,0,0,0,0,0,0,0,0,0,1,0,0,0,0,0,0,0,0,0,0,0,0,0,0,0,0
North West,RWJ,STOCKPORT NHS FOUNDATION TRUST,0,0,0,0,0,0,0,0,0,0,0,0,0,0,0,0,0,0,1,1,3,0,1,1,0,0,3,4,1,2,2,5,6,2,3,5,4,6,8,7,1,6,8,6,8,6,4,6,2,7,4,4,6,2,1,3,1,2,2,4,4,2,5,7,1,3,2,1,1,2,1,2,0,5,0,1,0,2,1,1,2,1,1,1,2,0,2,1,0,2,0,0,1,0,1,0,0,0,0,0,1,1,1,0,1,0,1,0,0,0,1,0,1,0,2,0,1,0,1,0,0,0,1,0,0,1,0,0,0,0,0,0,1,1,0,0,2,2,0,0,0,2,0,1,1,0,0,0,0,1,0,0,0,0,0,0,0,0,0,0,0,0,0,0,0,0,0,0,0,0,0,0,0
North West,RMP,TAMESIDE AND GLOSSOP INTEGRATED CARE NHS FOUNDATION TRUST,0,0,0,0,0,0,0,0,0,0,0,0,0,1,0,0,1,0,1,1,1,1,0,3,2,2,0,0,3,2,2,2,2,2,6,4,1,6,4,1,5,7,1,4,4,5,2,4,4,5,1,3,6,2,1,3,2,2,1,0,2,1,3,1,2,3,2,0,4,2,2,1,1,4,1,1,2,5,1,0,2,0,0,1,0,3,2,3,1,2,1,0,0,0,3,3,2,2,3,1,0,2,2,2,1,2,0,3,2,3,2,0,0,2,1,2,0,2,1,0,2,1,0,0,0,1,0,2,1,0,1,0,0,0,0,1,0,1,1,0,0,0,0,0,0,0,0,0,0,0,0,1,0,0,1,0,2,1,0,0,0,0,1,0,0,0,1,0,0,0,0,1,0
North West,RBV,THE CHRISTIE NHS FOUNDATION TRUST,0,0,0,0,0,0,0,0,0,0,0,0,0,0,0,0,0,0,0,0,0,0,0,1,0,0,0,0,0,0,0,0,1,0,0,0,0,0,1,0,0,1,1,0,0,0,0,0,1,0,0,0,0,0,0,0,0,0,1,1,0,0,0,1,1,0,0,0,0,0,0,2,0,0,0,0,0,1,0,0,0,0,0,0,0,0,0,0,0,0,0,0,0,0,0,0,0,0,0,0,0,0,0,0,0,0,0,0,0,0,0,0,0,0,0,0,0,0,0,0,0,0,0,0,0,0,0,0,0,0,0,0,0,0,0,0,0,0,0,0,0,0,0,0,0,0,0,0,0,0,0,0,0,0,0,0,0,0,0,0,0,0,0,0,0,0,0,0,0,0,0,0,0
North West,RET,THE WALTON CENTRE NHS FOUNDATION TRUST,0,0,0,0,0,0,0,0,0,0,0,0,0,0,0,0,0,0,0,0,0,0,0,0,0,0,0,0,0,0,0,0,0,0,1,0,0,0,0,1,1,1,0,0,0,1,0,0,0,0,0,0,0,1,0,0,0,0,0,0,0,0,1,0,0,0,1,0,1,1,0,0,0,0,0,0,0,0,0,0,0,0,0,0,0,0,0,0,0,0,0,0,0,0,0,0,0,0,0,0,0,0,0,0,0,0,0,0,0,0,0,0,0,0,0,0,0,0,0,0,0,0,0,0,0,0,0,0,0,0,0,0,0,0,0,0,0,0,0,0,0,0,0,0,0,0,0,0,0,0,0,0,0,0,0,0,0,0,0,0,0,0,0,0,0,0,0,0,0,0,0,0,0
North West,RTX,UNIVERSITY HOSPITALS OF MORECAMBE BAY NHS FOUNDATION TRUST,0,0,0,0,0,0,0,0,0,0,0,0,0,0,0,0,0,0,0,1,0,1,2,1,2,4,2,5,1,1,4,5,8,13,6,7,7,5,3,7,5,5,7,6,4,3,5,4,3,3,1,2,4,1,1,2,4,0,0,0,3,2,0,0,2,0,2,1,0,1,0,2,0,1,0,0,1,0,0,0,0,0,0,0,0,0,1,0,0,0,1,0,0,0,0,1,0,1,0,0,0,1,0,0,0,0,0,0,0,0,1,0,0,0,0,0,0,0,1,0,0,0,0,0,0,0,0,0,0,0,0,2,0,0,0,0,0,0,0,0,0,0,0,0,0,0,0,0,0,0,0,0,0,0,0,0,0,0,0,0,0,0,0,1,0,0,0,1,0,0,0,0,0
North West,RWW,WARRINGTON AND HALTON TEACHING HOSPITALS NHS FOUNDATION TRUST,0,0,0,0,0,0,0,0,0,0,0,0,0,0,0,0,0,0,0,1,0,0,0,0,0,0,0,1,1,0,1,3,1,2,4,3,2,7,2,3,3,2,1,2,6,4,3,2,4,2,2,2,3,1,1,2,3,3,4,2,5,1,1,1,0,2,2,0,1,3,3,1,5,1,0,2,0,2,2,0,0,0,0,1,1,0,1,0,1,1,1,0,2,0,1,0,0,1,0,0,0,0,1,0,0,1,0,1,1,0,1,0,1,0,0,0,0,0,0,0,1,0,1,0,1,0,0,0,0,1,0,1,0,0,0,0,0,0,0,0,0,0,0,0,0,0,0,0,0,0,0,0,0,0,0,0,0,1,0,0,0,0,0,0,1,0,0,0,0,0,0,0,0
North West,RBL,WIRRAL UNIVERSITY TEACHING HOSPITAL NHS FOUNDATION TRUST,0,0,0,0,0,0,0,0,0,0,0,0,0,0,0,1,0,0,1,0,1,0,0,0,0,2,3,2,1,2,5,6,6,5,7,8,10,5,9,9,8,7,12,6,5,9,5,4,2,2,4,4,5,1,5,2,1,2,0,3,3,3,2,0,5,2,2,1,1,1,1,0,2,1,0,0,2,1,0,5,1,2,3,1,0,1,2,1,1,3,1,1,1,1,1,0,1,1,1,0,1,2,0,4,0,1,0,1,0,1,0,0,0,0,0,0,0,1,0,0,0,0,1,0,0,0,0,0,0,1,0,0,0,0,0,0,0,0,0,0,0,0,0,0,0,0,0,0,0,0,0,0,0,0,0,0,0,0,0,0,0,0,0,0,0,0,0,0,0,0,0,0,0
North West,RRF,"WRIGHTINGTON, WIGAN AND LEIGH NHS FOUNDATION TRUST",0,0,0,0,0,0,0,0,0,0,0,0,0,0,0,0,0,0,0,0,0,0,1,0,0,0,0,0,1,3,2,0,5,2,3,4,2,4,7,2,3,6,6,4,7,10,7,12,8,9,5,4,1,7,6,5,6,12,2,6,1,7,3,8,4,2,2,2,6,4,2,4,6,1,1,0,5,3,1,1,4,3,3,1,2,0,1,1,0,2,0,0,0,1,0,2,0,0,0,0,1,0,1,0,0,0,1,0,0,1,0,0,0,1,0,0,0,1,0,0,0,1,0,0,1,0,0,0,0,0,0,0,0,0,0,0,0,0,0,0,0,0,0,0,0,0,0,0,0,0,0,0,0,0,0,0,0,0,0,0,0,0,0,0,0,0,0,0,0,0,0,0,0
South East,RTK,ASHFORD AND ST PETER'S HOSPITALS NHS FOUNDATION TRUST,0,0,0,0,0,0,0,0,0,0,0,0,0,0,0,0,2,0,0,0,1,0,0,0,3,1,2,1,1,2,5,4,4,3,5,7,3,2,5,4,4,5,5,5,4,4,3,4,3,4,9,4,2,2,2,5,4,3,4,2,2,3,3,2,0,1,3,2,2,1,1,0,1,0,0,3,0,1,1,1,1,0,1,0,5,2,0,0,1,1,1,0,2,0,0,3,0,0,0,0,0,0,0,0,0,0,1,1,0,0,0,0,0,0,0,0,0,0,1,2,0,0,0,0,2,1,1,1,0,1,0,1,0,0,0,0,0,0,0,0,0,0,0,0,0,0,0,0,0,0,0,0,0,0,0,0,0,0,0,0,0,0,0,0,0,0,0,0,0,0,0,0,0
South East,RWX,BERKSHIRE HEALTHCARE NHS FOUNDATION TRUST,0,0,0,0,0,0,0,0,0,0,0,0,0,0,0,0,0,0,0,0,0,0,0,0,0,0,0,0,0,0,0,0,0,0,1,0,0,0,0,0,2,0,1,0,1,1,1,0,0,0,0,2,1,0,0,0,0,0,0,0,0,1,1,0,0,0,0,1,0,0,0,0,2,0,0,0,0,1,0,0,0,1,0,0,0,1,0,1,0,0,0,0,0,1,0,0,0,0,0,0,0,0,0,0,0,0,0,0,0,0,0,0,0,0,0,0,0,0,0,0,0,0,0,0,0,0,0,0,0,0,0,0,0,0,0,0,0,0,0,0,0,0,0,0,0,0,0,0,0,0,0,0,0,0,0,0,0,0,0,0,0,0,0,0,0,0,0,0,0,0,0,0,0
South East,NT455,BMI Healthcare - Mount Alvernia,0,0,0,0,0,0,0,0,0,0,0,0,0,0,0,0,0,0,0,0,0,0,0,0,0,0,0,0,0,0,0,0,0,0,0,0,0,0,0,0,0,0,0,0,0,0,0,0,0,0,0,1,1,0,0,0,0,0,0,0,0,0,0,0,0,0,0,0,0,0,0,0,0,0,0,0,0,0,0,0,0,0,0,0,0,0,0,0,0,0,0,0,0,0,0,0,0,0,0,0,0,0,0,0,0,0,0,0,0,0,0,0,0,0,0,0,0,0,0,0,0,0,0,0,0,0,0,0,0,0,0,0,0,0,0,0,0,0,0,0,0,0,0,0,0,0,0,0,0,0,0,0,0,0,0,0,0,0,0,0,0,0,0,0,0,0,0,0,0,0,0,0,0
South East,RXH,BRIGHTON AND SUSSEX UNIVERSITY HOSPITALS NHS TRUST,0,0,0,0,0,0,0,0,0,0,0,0,0,0,0,0,0,0,0,1,0,1,1,0,2,2,2,3,7,2,1,3,4,0,3,3,5,5,4,3,4,3,5,5,3,4,5,3,3,1,5,1,5,2,0,0,0,0,1,0,1,0,0,2,0,2,1,4,2,1,1,1,1,3,0,2,0,1,1,0,0,1,1,0,0,1,0,4,2,1,1,0,0,1,0,0,1,0,2,1,0,0,0,0,0,0,0,2,0,0,0,0,0,1,0,0,0,0,0,0,0,0,2,0,0,0,0,1,0,0,0,0,0,0,1,0,0,0,0,0,0,0,0,0,0,0,0,0,0,0,0,0,0,0,0,0,0,0,0,0,0,0,0,0,0,0,0,0,0,0,0,0,0
South East,RXQ,BUCKINGHAMSHIRE HEALTHCARE NHS TRUST,0,0,0,1,0,0,0,0,1,1,0,1,0,0,0,1,1,0,0,0,1,0,2,2,0,0,0,1,1,5,2,1,2,3,1,3,3,0,5,1,6,1,3,1,3,3,2,2,8,3,6,4,1,1,2,3,2,0,2,2,2,0,1,0,0,4,2,0,1,1,1,1,1,0,1,1,0,1,3,1,0,1,0,1,0,0,0,0,1,1,0,0,0,0,0,1,0,0,1,1,1,1,0,0,0,0,0,0,1,0,0,0,0,0,0,0,0,0,1,1,0,0,0,0,0,0,0,0,1,0,1,0,1,0,0,0,0,0,0,0,2,0,1,0,0,0,0,0,0,0,0,0,0,0,0,0,0,0,0,0,0,0,0,0,0,0,0,0,0,0,0,0,0
South East,NTV0S,Central Surrey Health - WALTON COMMUNITY HOSPITAL,0,0,0,0,0,0,0,0,0,0,0,0,0,0,0,0,0,0,0,0,0,0,0,0,0,0,0,0,0,0,0,0,0,0,0,0,0,0,0,0,0,0,1,0,0,0,0,0,0,0,0,1,0,0,0,0,1,0,0,0,0,0,0,0,0,0,0,0,0,0,0,0,0,0,0,0,0,0,0,0,0,0,0,0,0,0,0,0,0,0,1,0,0,0,0,0,0,0,0,0,0,0,0,0,0,0,0,0,0,0,0,0,0,0,0,0,0,0,0,0,0,0,0,0,0,0,0,0,0,0,0,0,0,0,0,0,0,0,0,0,0,0,0,0,0,0,0,0,0,0,0,0,0,0,0,0,0,0,0,0,0,0,0,0,0,0,0,0,0,0,0,0,0
South East,NTV0O,Central Surrey Health - WOKING COMMUNITY HOSPITAL,0,0,0,0,0,0,0,0,0,0,0,0,0,0,0,0,0,0,0,0,0,0,0,0,0,0,0,0,0,0,0,0,0,0,0,0,0,0,1,0,0,0,0,0,0,0,0,0,0,0,0,0,0,0,0,0,0,0,0,0,0,0,0,0,0,0,0,0,0,0,0,0,0,0,0,0,0,0,0,0,0,0,0,0,0,0,0,0,0,0,0,0,0,0,0,0,0,0,0,0,0,0,0,0,0,0,0,0,0,0,0,0,0,0,0,0,0,0,0,0,0,0,0,0,0,0,0,0,0,0,0,0,0,0,0,0,0,0,0,0,0,0,0,0,0,0,0,0,0,0,0,0,0,0,0,0,0,0,0,0,0,0,0,0,0,0,0,0,0,0,0,0,0
South East,RN7,DARTFORD AND GRAVESHAM NHS TRUST,0,0,0,0,0,0,0,0,0,0,0,0,0,0,0,0,0,0,0,0,0,0,3,0,0,2,2,1,1,3,4,2,2,4,7,6,6,9,12,4,4,8,6,13,7,3,3,2,6,1,5,5,2,2,3,3,3,4,2,6,6,0,1,0,0,2,0,0,0,3,2,2,1,0,1,0,0,1,0,4,0,1,0,0,0,1,0,2,0,1,2,0,0,0,1,0,1,2,1,0,1,0,2,1,1,2,1,1,1,0,0,1,0,0,0,0,1,1,1,1,0,0,0,1,2,0,1,0,1,1,0,0,0,3,1,1,2,1,0,0,1,0,2,0,0,1,0,0,1,0,1,1,2,1,0,2,0,0,0,0,0,1,0,0,1,0,0,0,0,0,0,0,0
South East,RVV,EAST KENT HOSPITALS UNIVERSITY NHS FOUNDATION TRUST,0,0,0,0,0,0,0,0,0,0,0,0,0,0,0,0,0,0,0,0,0,0,1,0,1,0,1,2,3,2,2,3,5,5,3,6,6,9,9,9,8,8,4,9,9,6,5,3,6,1,3,6,6,8,3,8,2,7,4,4,3,3,2,4,4,7,4,4,5,4,7,2,1,5,4,1,6,2,3,7,3,4,3,7,3,4,7,5,3,1,7,3,3,2,5,5,5,5,0,3,3,4,5,2,2,1,2,1,4,3,3,3,3,1,2,7,4,3,2,4,4,3,1,1,1,1,4,2,1,3,2,4,2,0,2,2,2,2,2,1,2,2,2,2,1,2,0,0,2,1,1,1,1,0,2,0,0,0,0,0,0,1,0,1,0,0,0,0,1,1,0,0,0
South East,RXC,EAST SUSSEX HEALTHCARE NHS TRUST,0,0,0,0,0,0,0,0,0,0,0,0,0,0,0,0,0,1,0,0,1,0,1,2,0,0,1,1,0,2,2,1,1,0,5,2,2,0,2,3,2,4,3,1,0,3,2,2,1,3,1,1,1,2,2,3,0,3,0,0,2,1,0,0,1,0,1,1,2,1,0,1,1,2,1,2,0,0,1,0,1,0,1,0,0,0,0,0,1,0,0,0,0,0,1,0,0,0,0,0,0,0,0,0,0,0,0,1,1,2,0,0,0,0,0,0,0,0,0,0,1,0,1,0,1,1,0,0,0,0,0,1,0,1,0,2,1,1,1,0,0,0,0,0,1,0,1,0,0,0,0,0,0,0,0,1,0,0,0,0,0,0,0,0,0,0,0,0,0,0,0,0,0
South East,RDU,FRIMLEY HEALTH NHS FOUNDATION TRUST,0,0,0,0,0,0,0,0,0,0,1,0,0,1,0,1,1,2,3,4,2,1,5,5,6,4,1,3,4,7,7,5,9,8,12,12,10,13,10,6,9,10,11,13,7,6,12,6,9,5,2,8,9,6,6,7,3,1,5,2,2,5,4,7,3,1,4,1,1,2,1,1,2,1,3,5,2,2,1,1,1,0,2,1,2,3,1,1,0,1,2,2,1,1,0,4,2,1,0,1,0,1,1,1,0,2,0,1,0,0,0,0,0,0,0,0,0,0,1,0,0,1,0,0,0,0,0,0,0,0,0,1,0,0,0,0,0,0,0,0,0,0,0,0,0,0,0,0,0,0,0,0,0,0,0,0,0,0,0,0,0,0,0,0,0,1,0,0,0,0,0,0,0
South East,RN5,HAMPSHIRE HOSPITALS NHS FOUNDATION TRUST,0,0,0,0,0,0,0,0,0,0,0,0,0,0,0,2,0,0,0,0,1,0,3,0,1,3,2,2,4,1,3,1,3,4,4,5,3,3,5,5,5,4,3,4,7,3,6,2,4,2,1,5,0,3,2,6,4,1,4,4,3,1,4,3,2,2,1,0,1,2,0,1,1,2,0,0,1,2,0,0,0,0,0,1,0,2,0,0,1,0,1,0,0,0,0,0,0,0,0,1,0,0,0,0,2,0,0,0,0,0,0,0,0,0,0,1,0,0,1,0,0,0,0,0,0,0,0,0,0,0,0,0,0,0,0,0,0,0,0,0,0,0,0,0,0,0,0,0,0,0,0,0,0,0,0,0,0,0,0,0,0,0,0,0,0,0,0,0,0,0,0,0,0
South East,R1F,ISLE OF WIGHT NHS TRUST,0,0,0,0,0,0,0,0,0,0,0,0,0,0,0,0,0,0,0,0,0,0,1,0,0,1,0,0,0,0,0,0,1,0,1,0,1,1,1,1,2,0,1,1,0,1,0,0,1,0,2,2,0,1,1,2,0,0,0,2,2,0,2,1,0,0,1,0,0,1,0,0,1,0,0,0,1,0,1,0,1,1,0,0,1,0,1,0,0,0,0,0,0,0,0,0,0,0,1,0,0,0,0,0,0,0,0,0,0,0,0,0,0,0,0,0,0,0,0,0,0,0,0,0,0,0,0,0,0,0,0,0,0,0,0,0,0,0,0,0,0,0,0,0,0,0,0,0,0,0,0,0,0,0,0,0,0,0,0,0,0,0,0,0,0,0,0,0,0,0,0,0,0
South East,RXY,KENT AND MEDWAY NHS AND SOCIAL CARE PARTNERSHIP TRUST,0,0,0,0,0,0,0,0,0,0,0,0,0,0,0,0,0,0,0,0,0,0,0,0,0,0,0,0,0,0,0,0,0,0,0,0,0,1,0,0,0,0,0,0,0,0,0,0,0,0,0,0,0,0,0,0,0,0,0,0,0,0,0,0,0,0,0,0,0,0,0,0,0,0,0,0,0,0,0,0,0,0,0,0,0,0,0,0,0,0,0,0,0,0,0,0,0,0,0,0,0,0,0,0,0,0,0,0,0,0,0,0,0,0,0,0,0,0,0,0,0,0,0,0,0,0,0,0,0,0,0,0,0,0,0,0,0,0,0,0,0,0,0,0,0,0,0,0,0,0,0,0,0,0,0,0,0,0,0,0,0,0,0,0,0,0,0,0,0,0,0,0,0
South East,RYY,KENT COMMUNITY HEALTH NHS FOUNDATION TRUST,0,0,0,0,0,0,0,0,0,0,0,0,0,0,0,0,0,0,0,0,0,0,0,0,0,0,0,0,0,0,0,0,0,2,1,0,0,0,3,1,1,0,0,2,1,1,0,1,0,0,2,2,0,0,4,0,2,0,0,0,1,0,0,1,0,1,1,1,2,1,0,1,0,1,0,1,0,0,0,0,0,0,2,2,0,0,0,1,0,1,2,0,0,0,2,0,0,0,0,1,0,0,0,0,0,0,0,0,1,0,0,1,0,0,0,0,0,0,0,0,0,0,0,0,1,0,0,0,0,0,0,0,0,0,0,0,0,0,0,0,0,0,0,0,0,0,0,0,0,0,0,0,0,0,0,0,0,0,0,0,0,0,0,0,0,0,0,0,0,0,0,0,0
South East,RWF,MAIDSTONE AND TUNBRIDGE WELLS NHS TRUST,0,0,0,0,0,0,0,0,0,0,0,0,0,0,0,0,0,0,1,0,0,0,1,0,1,2,0,3,0,4,6,3,2,2,2,2,2,4,4,3,3,5,2,1,4,1,3,1,1,2,0,2,3,2,4,1,0,1,0,1,0,2,1,0,0,1,3,3,0,1,2,1,1,1,1,1,1,1,1,1,0,0,0,0,0,1,1,1,2,2,1,2,1,2,2,0,1,0,1,2,1,4,0,1,0,0,0,0,1,1,0,0,1,1,0,0,0,0,0,0,0,1,0,0,0,0,0,0,0,0,0,0,0,0,0,0,0,0,0,0,0,0,0,0,0,0,0,0,0,0,0,0,0,0,0,0,0,0,0,0,0,0,0,0,0,0,0,0,0,0,0,0,0
South East,RPA,MEDWAY NHS FOUNDATION TRUST,0,0,0,0,0,0,0,0,0,0,0,0,0,0,0,0,0,0,0,1,0,1,0,0,1,3,2,2,1,3,1,7,4,4,1,6,6,4,7,2,7,10,8,7,2,6,3,1,4,7,5,2,3,5,2,0,0,5,3,3,1,3,2,1,1,0,0,1,1,1,0,0,3,0,1,2,2,2,1,2,0,0,1,1,4,0,0,0,1,0,1,0,0,0,0,1,0,0,0,0,1,0,1,0,0,0,1,1,0,1,0,0,1,0,0,0,1,1,0,0,0,0,0,0,0,0,0,0,0,0,0,0,0,0,0,0,0,1,0,0,0,0,1,1,0,0,0,0,0,0,1,0,0,0,0,0,0,0,0,0,0,0,0,0,0,0,0,0,0,0,0,0,0
South East,NT241,Nuffield Health - Woking,0,0,0,0,0,0,0,0,0,0,0,0,0,0,0,0,0,0,0,0,0,0,0,0,0,0,0,0,0,0,0,0,0,0,0,0,0,0,0,0,0,0,0,0,0,0,0,0,1,0,0,0,0,0,0,0,0,0,0,0,0,0,0,0,0,0,0,0,0,0,0,0,0,0,0,0,0,0,0,0,0,0,0,0,0,0,0,0,0,0,0,0,0,0,0,0,0,0,0,0,0,0,0,0,0,0,0,0,0,0,0,0,0,0,0,0,0,0,0,0,0,0,0,0,0,0,0,0,0,0,0,0,0,0,0,0,0,0,0,0,0,0,0,0,0,0,0,0,0,0,0,0,0,0,0,0,0,0,0,0,0,0,0,0,0,0,0,0,0,0,0,0,0
South East,8CM63,Oldercare (Haslemere) Limited - ST MAGNUS HOSPITAL,0,0,0,0,0,0,0,0,0,0,0,0,0,0,0,0,0,0,0,0,0,0,0,0,0,0,0,0,0,0,0,0,0,0,0,0,0,0,0,0,0,0,0,0,0,0,0,0,0,0,0,1,0,0,0,0,0,0,0,0,0,0,0,0,0,0,0,0,0,0,0,0,0,0,0,0,1,0,0,0,0,0,0,0,0,0,0,0,0,0,0,0,0,0,0,0,0,0,0,0,0,0,0,0,0,0,0,0,0,0,0,0,0,0,0,0,0,0,0,0,0,0,0,0,0,0,0,0,0,0,0,0,0,0,0,0,0,0,0,0,0,0,0,0,0,0,0,0,0,0,0,0,0,0,0,0,0,0,0,0,0,0,0,0,0,0,0,0,0,0,0,0,0
South East,RNU,OXFORD HEALTH NHS FOUNDATION TRUST,0,0,0,0,0,0,0,0,0,0,0,0,0,0,0,0,0,0,0,0,0,0,0,0,0,0,0,0,1,2,0,0,1,1,0,0,0,0,0,0,2,0,1,0,0,1,1,0,5,3,1,0,0,0,0,1,0,0,0,0,1,0,0,0,0,0,0,1,0,0,0,0,0,0,0,0,0,0,0,0,0,0,0,0,0,0,0,0,0,0,0,0,0,0,0,0,0,0,0,0,0,0,0,0,0,0,0,0,0,0,0,0,0,0,0,0,0,0,1,0,0,0,0,0,0,0,0,0,0,0,0,0,0,0,0,0,0,0,0,0,0,0,0,0,0,0,0,0,0,0,0,0,0,0,0,0,0,0,0,0,0,0,0,0,0,0,0,0,0,0,0,0,0
South East,RTH,OXFORD UNIVERSITY HOSPITALS NHS FOUNDATION TRUST,0,0,0,0,0,0,0,0,0,0,0,0,0,0,0,0,1,0,0,0,3,0,0,1,1,3,3,3,1,4,6,3,6,3,4,4,5,7,5,4,5,3,7,4,3,2,3,4,3,2,3,5,3,2,4,1,6,6,3,1,5,0,4,2,1,2,5,1,3,1,2,0,0,3,0,2,3,1,0,1,1,1,1,0,0,0,0,0,0,0,0,0,0,0,0,0,0,0,0,0,0,0,0,0,0,0,1,0,3,0,0,0,0,0,0,0,0,0,0,0,0,0,1,0,0,0,0,1,0,0,0,0,0,0,0,0,0,0,0,0,0,0,0,0,0,0,0,0,0,0,0,0,0,0,0,0,0,0,0,0,0,0,0,0,0,0,0,0,0,0,0,0,0
South East,RHU,PORTSMOUTH HOSPITALS NHS TRUST,0,0,0,0,0,0,0,0,0,0,0,0,0,0,1,0,1,2,2,0,3,3,3,6,4,3,8,3,5,4,5,6,8,7,5,3,3,5,2,11,11,5,12,5,5,4,7,3,5,6,3,9,0,3,3,3,4,3,0,1,2,3,0,2,2,2,0,0,2,1,1,2,2,1,0,1,3,0,1,1,0,0,0,1,1,0,0,1,3,0,0,0,0,0,1,0,0,1,0,0,0,0,0,0,0,0,0,0,0,0,0,0,0,0,0,0,0,0,0,0,0,0,0,0,0,0,0,0,0,0,0,0,0,0,0,0,0,0,0,0,0,0,0,0,0,0,0,0,0,0,0,0,0,0,0,0,0,0,0,0,0,0,0,0,0,0,0,0,0,0,0,0,0
South East,RHW,ROYAL BERKSHIRE NHS FOUNDATION TRUST,0,0,0,0,0,1,0,0,0,0,0,0,0,0,0,0,0,0,3,1,1,0,0,1,0,0,3,3,1,3,3,3,4,2,6,5,3,8,4,7,3,6,2,4,7,3,6,8,4,4,1,4,2,3,4,4,6,2,4,2,2,0,2,5,0,3,0,2,3,1,1,1,3,2,0,0,1,2,1,1,0,0,0,0,1,1,1,1,2,0,1,0,0,0,1,0,0,1,2,0,0,0,1,0,1,1,0,0,0,1,0,1,0,0,0,0,0,0,0,0,0,0,0,0,0,0,0,0,0,0,0,0,0,0,0,0,0,0,0,0,0,0,0,1,0,0,0,0,0,0,0,0,0,0,0,0,0,0,0,0,0,0,0,0,0,0,0,0,0,0,0,0,0
South East,RA2,ROYAL SURREY COUNTY HOSPITAL NHS FOUNDATION TRUST,0,0,0,0,0,0,0,0,0,0,0,0,0,0,0,0,1,1,0,1,0,0,0,0,0,2,1,0,0,2,3,5,2,1,0,1,2,1,5,3,2,0,2,2,2,2,2,1,3,2,1,5,2,3,1,4,4,2,3,2,2,1,3,1,1,0,0,0,0,2,1,1,2,1,1,2,0,0,0,0,0,1,0,0,0,0,0,0,0,2,0,0,0,0,0,0,0,0,0,0,0,0,0,0,0,0,0,0,0,0,0,0,0,0,0,0,1,0,0,0,0,0,0,0,0,0,0,0,0,0,0,0,0,0,0,0,0,0,0,0,0,0,0,0,0,0,0,0,0,0,0,0,0,0,0,0,0,0,0,0,0,0,0,0,0,0,0,0,0,0,0,0,0
South East,R1C,SOLENT NHS TRUST,0,0,0,0,0,0,0,0,0,0,0,0,0,0,0,0,0,0,0,0,0,0,0,0,0,0,0,0,0,0,0,0,0,0,0,0,1,0,0,0,0,0,0,0,0,0,0,0,0,0,0,0,0,0,0,0,0,0,0,0,0,1,0,0,0,0,0,0,0,0,0,0,0,0,0,0,0,0,0,0,0,0,0,0,0,0,0,0,0,0,0,0,0,0,0,0,0,0,0,0,0,0,0,0,0,0,0,0,0,0,0,0,0,0,0,0,0,0,0,0,0,0,0,0,0,0,0,0,0,0,0,0,0,0,0,0,0,0,0,0,0,0,0,0,0,0,0,0,0,0,0,0,0,0,0,0,0,0,0,0,0,0,0,0,0,0,0,0,0,0,0,0,0
South East,RW1,SOUTHERN HEALTH NHS FOUNDATION TRUST,0,0,0,0,0,0,0,0,0,0,0,0,0,0,0,0,0,0,0,0,0,0,0,0,0,0,1,0,0,0,0,0,0,0,0,0,1,1,0,0,2,0,1,0,2,0,1,1,1,0,0,0,0,0,1,1,0,2,0,0,0,0,0,0,0,0,0,0,1,0,0,0,0,0,0,1,0,0,0,0,0,0,0,0,0,0,0,0,0,0,0,0,0,0,0,0,0,0,0,0,0,0,0,0,0,0,0,0,0,0,0,0,0,0,0,0,0,0,0,0,0,0,0,0,0,0,0,0,0,0,0,0,0,0,0,0,0,0,0,0,0,0,0,0,0,0,0,0,0,0,0,0,0,0,0,0,0,0,0,0,0,0,0,0,0,0,0,0,0,0,0,0,0
South East,RTP,SURREY AND SUSSEX HEALTHCARE NHS TRUST,0,0,0,0,0,0,0,0,0,0,0,0,0,0,0,0,1,0,1,0,0,1,3,1,0,1,1,2,3,4,3,5,4,5,5,11,12,8,5,9,12,6,5,2,9,4,3,6,7,6,7,9,4,3,8,5,4,6,2,4,2,2,5,3,1,0,1,0,0,2,4,3,1,2,3,2,2,0,2,1,3,2,1,2,2,0,1,0,0,0,1,0,2,1,0,0,1,1,1,1,1,0,0,0,0,0,1,0,1,1,0,1,0,0,0,0,0,0,0,0,1,0,0,0,1,0,0,0,0,0,0,0,0,0,0,0,0,1,0,0,0,0,0,0,0,0,0,0,0,0,0,0,0,0,0,0,0,0,0,0,0,0,0,0,0,0,0,0,0,0,0,0,0
South East,RDR,SUSSEX COMMUNITY NHS FOUNDATION TRUST,0,0,0,0,0,0,0,0,0,0,0,0,0,0,0,0,0,0,0,0,0,0,0,1,0,0,0,0,0,1,1,1,0,0,0,0,1,1,0,0,0,0,1,0,0,0,0,0,0,0,3,0,2,1,0,0,0,0,0,1,0,0,0,0,0,1,0,0,0,0,0,0,0,0,0,0,0,0,0,0,0,0,0,0,0,0,0,0,0,0,0,0,1,1,0,1,0,0,0,0,0,0,0,0,0,0,0,0,0,0,0,0,0,0,0,0,0,0,0,0,0,0,0,0,0,0,0,0,0,0,0,0,0,0,0,0,0,0,0,0,0,0,0,0,0,0,0,0,0,0,0,0,0,0,0,0,0,0,0,0,0,0,0,0,0,0,0,0,0,0,0,0,0
South East,RHM,UNIVERSITY HOSPITAL SOUTHAMPTON NHS FOUNDATION TRUST,0,0,0,0,0,0,0,0,0,0,0,0,0,0,0,1,0,1,0,0,0,0,1,0,2,2,3,3,3,4,2,7,2,0,3,2,3,2,9,3,8,7,2,6,4,6,2,3,7,3,6,6,3,4,4,6,4,3,2,0,4,2,0,2,1,6,1,2,0,0,3,1,0,2,1,4,1,3,0,0,1,6,1,1,1,0,0,0,2,1,0,0,2,1,0,2,0,0,0,0,0,0,1,0,0,1,0,0,1,0,1,0,0,0,0,0,0,0,0,1,0,0,0,0,0,0,0,0,1,0,0,0,0,0,0,0,0,0,0,0,0,0,0,0,0,0,0,1,0,0,0,0,0,0,0,0,0,0,0,0,0,0,0,0,0,0,0,0,0,0,0,0,0
South East,NDAJ0,VIRGIN CARE SERVICES LTD - LIVINGSTONE COMMUNITY HOSPITAL,0,0,0,0,0,0,0,0,0,0,0,0,0,0,0,0,0,0,0,0,0,0,0,0,0,0,0,0,0,0,0,0,0,0,1,0,0,0,0,0,0,0,0,0,0,0,0,0,0,0,0,0,0,0,0,0,0,0,0,0,0,0,0,0,0,0,0,0,0,0,0,0,0,0,0,0,0,0,0,0,0,0,0,0,0,0,0,0,0,0,0,0,0,0,0,0,0,0,0,0,0,0,0,0,0,0,0,0,0,0,0,0,0,0,0,0,0,0,0,0,0,0,0,0,0,0,0,0,0,0,0,0,0,0,0,0,0,0,0,0,0,0,0,0,0,0,0,0,0,0,0,0,0,0,0,0,0,0,0,0,0,0,0,0,0,0,0,0,0,0,0,0,0
South East,NDAJ1,VIRGIN CARE SERVICES LTD - SHEPPEY COMMUNITY HOSPITAL,0,0,0,0,0,0,0,0,0,0,0,0,0,0,0,0,0,0,0,0,0,0,0,0,0,0,0,0,0,0,0,0,0,0,0,0,0,0,0,0,0,0,0,0,0,0,0,0,0,1,0,0,0,0,0,0,0,0,0,0,0,0,0,0,0,0,0,0,0,0,0,0,0,0,0,0,0,0,0,0,0,0,0,0,0,0,0,0,0,0,0,0,0,0,0,0,0,0,0,0,0,0,0,0,0,0,0,0,0,0,0,0,0,0,0,0,0,0,0,0,0,0,0,0,0,0,0,0,0,1,0,0,0,0,0,0,0,0,0,0,0,0,0,0,0,0,0,0,0,0,0,0,0,0,0,0,0,0,0,0,0,0,0,0,0,0,0,0,0,0,0,0,0
South East,RYR,WESTERN SUSSEX HOSPITALS NHS FOUNDATION TRUST,0,0,0,0,0,0,0,0,0,0,0,0,0,0,0,0,0,0,0,1,0,0,0,1,0,0,2,1,0,0,2,5,2,1,2,2,4,4,2,4,2,3,2,3,4,1,2,3,4,1,4,2,1,1,1,1,2,2,2,3,4,1,2,0,0,0,1,1,1,0,1,0,1,1,1,2,1,2,1,1,0,3,1,0,1,1,1,2,0,0,1,1,0,1,0,1,0,0,1,1,0,0,0,0,0,0,0,0,0,0,0,0,0,0,0,0,0,0,0,0,0,0,0,0,0,0,0,0,0,0,0,0,0,0,0,0,0,0,0,0,0,0,0,0,0,0,0,0,0,0,0,0,0,0,0,0,0,0,0,0,0,0,0,0,0,0,0,0,0,0,0,0,0
South West,RJ8,CORNWALL PARTNERSHIP NHS FOUNDATION TRUST,0,0,0,0,0,0,0,0,0,0,0,0,0,0,0,0,0,0,0,0,0,0,0,0,0,0,0,0,0,0,0,0,0,1,1,0,0,0,0,2,0,2,2,0,0,0,2,4,2,0,1,1,1,1,1,1,0,0,0,1,0,1,1,0,0,0,0,0,0,0,0,0,0,0,0,1,0,0,0,0,0,0,0,0,0,0,0,0,0,0,0,0,0,0,0,0,0,0,0,0,0,0,0,0,0,0,0,0,0,0,0,0,0,0,0,0,0,0,0,0,0,0,0,0,0,0,0,0,0,0,0,0,0,0,0,0,0,0,0,0,0,0,0,0,0,0,0,0,0,0,0,0,0,0,0,0,0,0,0,0,0,0,0,0,0,0,0,0,0,0,0,0,0
South West,NMJ,Cygnet Health Care Limited,0,0,0,0,0,0,0,0,0,0,0,0,0,0,0,0,0,0,0,0,0,0,0,0,0,0,0,0,0,0,0,0,0,0,0,0,0,0,0,0,0,0,0,0,0,0,0,0,0,0,0,0,0,0,0,0,0,0,0,0,0,0,0,0,0,1,0,0,0,0,0,0,0,0,0,0,0,0,0,0,0,0,0,0,0,0,0,0,0,0,0,0,0,0,0,0,0,0,0,0,0,0,0,0,0,0,0,0,0,0,0,0,0,0,0,0,0,0,0,0,0,0,0,0,0,0,0,0,0,0,0,0,0,0,0,0,0,0,0,0,0,0,0,0,0,0,0,0,0,0,0,0,0,0,0,0,0,0,0,0,0,0,0,0,0,0,0,0,0,0,0,0,0
South West,RBD,DORSET COUNTY HOSPITAL NHS FOUNDATION TRUST,0,0,0,0,0,0,0,0,0,0,0,0,0,0,0,0,0,0,0,0,0,1,0,0,1,1,1,1,0,0,0,0,1,0,1,1,0,2,2,2,0,3,1,0,1,0,0,1,0,1,1,0,0,1,0,0,0,0,0,0,0,0,0,0,0,0,0,0,0,0,0,0,0,0,0,0,0,0,0,0,0,0,0,0,0,0,1,0,0,0,0,0,0,0,0,0,0,0,0,0,0,0,0,0,0,0,0,0,0,0,0,0,0,0,0,0,0,0,0,0,0,0,0,0,0,0,0,0,0,0,0,0,0,0,0,0,0,0,0,0,0,0,0,0,0,0,0,0,0,0,0,0,0,0,0,0,0,0,0,0,0,0,0,0,0,0,0,0,0,0,0,0,0
South West,RDY,DORSET HEALTHCARE UNIVERSITY NHS FOUNDATION TRUST,0,0,0,0,0,0,0,0,0,0,0,0,0,0,0,0,0,0,0,0,0,0,0,0,0,1,0,0,0,0,0,0,0,1,0,2,0,0,0,1,0,0,0,0,0,0,0,0,1,0,0,2,0,0,1,0,2,2,0,0,0,0,0,0,0,0,0,0,0,0,0,0,0,1,0,0,0,0,0,0,0,0,0,0,0,0,0,0,0,0,0,0,1,0,0,0,0,1,0,0,0,0,0,0,0,0,0,0,0,0,0,0,0,0,0,0,0,0,0,0,0,0,0,0,0,0,0,0,0,0,0,0,0,0,0,0,0,0,0,0,0,0,0,0,0,0,0,0,0,0,0,0,0,0,0,0,0,0,0,0,0,0,0,0,0,0,0,0,0,0,0,0,0
South West,RTQ,GLOUCESTERSHIRE HEALTH AND CARE NHS FOUNDATION TRUST,0,0,0,0,0,0,0,0,0,0,0,0,0,0,0,0,0,0,0,0,0,0,0,0,0,0,0,0,0,0,0,0,0,0,0,0,1,0,0,1,0,3,0,1,1,1,0,2,5,1,2,2,1,1,0,1,0,0,3,0,0,2,1,0,0,0,0,1,0,0,1,0,0,0,0,1,1,1,0,0,0,0,0,0,0,0,0,0,0,0,0,0,0,0,0,0,0,0,0,0,0,0,0,0,0,0,0,1,0,0,0,0,0,0,0,0,0,0,0,0,0,0,0,0,0,0,0,0,0,0,0,0,0,0,0,0,0,0,0,0,0,0,0,0,0,0,0,0,0,0,0,0,0,0,0,0,0,0,0,0,0,0,0,0,0,0,0,0,0,0,0,0,0
South West,RTE,GLOUCESTERSHIRE HOSPITALS NHS FOUNDATION TRUST,0,0,0,0,0,0,0,0,0,0,0,0,0,0,0,0,0,0,0,1,0,0,0,1,0,1,2,0,4,4,3,6,2,3,4,7,7,8,5,10,6,6,14,5,4,8,5,4,4,3,7,5,4,4,3,3,1,7,2,2,2,1,0,1,3,3,3,3,0,1,0,0,2,1,0,0,0,0,0,2,0,0,0,0,1,0,0,1,2,0,0,0,0,0,0,1,0,0,0,0,0,0,0,0,0,0,0,0,1,0,0,0,0,0,0,0,0,0,0,0,0,0,0,0,0,0,0,0,0,0,1,0,0,0,0,0,0,0,0,0,0,0,0,0,0,0,0,0,0,0,0,0,0,0,0,0,0,0,0,0,0,0,0,0,0,0,0,0,0,0,1,0,0
South West,RN3,GREAT WESTERN HOSPITALS NHS FOUNDATION TRUST,0,0,0,0,0,0,0,0,0,0,0,0,0,0,0,0,0,0,0,1,0,0,1,1,0,0,1,1,1,0,1,0,2,1,3,5,2,3,5,5,2,4,3,2,2,6,6,2,1,3,2,2,3,1,4,4,0,0,1,1,1,6,0,0,1,2,1,1,4,0,2,0,0,0,5,0,0,0,2,1,0,0,3,0,0,1,2,0,0,2,1,1,0,0,1,1,1,0,0,1,0,0,0,0,1,0,0,0,0,0,0,0,0,0,0,0,0,0,1,0,0,0,0,0,0,0,0,1,0,0,0,0,0,0,0,0,0,0,0,0,0,0,0,0,0,0,0,0,0,0,0,0,0,0,0,0,0,0,0,0,0,0,0,0,0,0,0,1,0,0,1,0,0
South West,NR527,LIVEWELL SOUTHWEST - MOUNT GOULD HOSPITAL,0,0,0,0,0,0,0,0,0,0,0,0,0,0,0,0,0,0,0,0,0,0,0,0,0,0,0,0,0,0,0,0,0,0,0,0,0,0,0,0,0,0,0,0,0,0,0,0,0,0,0,0,0,0,0,0,0,1,0,0,0,0,0,0,0,0,0,0,0,0,0,0,0,0,0,0,0,0,0,0,0,0,0,0,0,0,0,0,0,0,0,0,0,0,0,0,0,1,0,0,0,0,0,0,0,0,0,0,0,0,0,0,0,0,0,0,0,0,0,0,0,0,0,0,0,0,0,0,0,0,0,0,0,0,0,0,0,0,0,0,0,0,0,0,0,0,0,0,0,0,0,0,0,0,0,0,0,0,0,0,0,0,0,0,0,0,0,0,0,0,0,0,0
South West,RVJ,NORTH BRISTOL NHS TRUST,0,0,0,0,0,0,0,0,0,0,0,0,0,0,0,0,0,0,0,0,0,1,1,1,1,2,1,0,3,2,1,3,1,4,4,2,2,1,5,4,2,3,4,4,2,0,4,0,3,1,3,2,4,5,0,2,3,1,1,3,4,5,2,2,2,2,2,3,1,0,1,1,1,0,0,0,1,0,0,0,0,1,0,0,2,0,0,0,0,0,0,0,0,1,0,1,0,0,0,0,0,0,0,0,0,0,0,0,0,0,0,0,0,0,1,0,0,0,0,0,0,0,0,0,0,0,0,0,0,0,0,0,0,0,0,0,0,0,0,0,0,0,0,0,0,0,0,0,0,0,0,0,0,0,0,0,0,0,0,0,0,0,0,0,0,0,0,0,0,0,0,0,0
South West,RBZ,NORTHERN DEVON HEALTHCARE NHS TRUST,0,0,0,0,0,0,0,0,0,0,0,0,0,0,0,0,0,0,0,0,0,0,0,0,0,0,0,0,0,0,0,0,0,0,0,0,0,1,0,1,0,0,1,1,0,0,2,3,2,1,0,0,0,0,0,0,0,2,1,1,0,1,0,0,0,1,0,0,0,0,0,0,0,0,0,0,0,2,0,0,0,0,0,0,0,0,0,1,0,0,0,0,0,0,0,0,0,0,0,0,0,0,0,0,0,0,0,0,0,0,0,0,0,0,0,0,0,0,0,0,0,0,0,0,0,0,0,0,0,0,0,0,0,0,0,0,0,0,0,0,0,0,0,0,0,0,0,0,0,0,0,0,0,0,0,0,0,0,0,0,0,0,0,0,0,0,0,0,0,0,0,0,0
South West,RD3,POOLE HOSPITAL NHS FOUNDATION TRUST,0,0,0,0,0,0,0,0,0,0,0,0,0,0,0,0,0,0,0,0,0,0,0,0,0,0,2,1,1,1,1,1,0,0,2,2,3,1,3,1,1,1,3,0,0,0,1,1,1,2,1,1,0,1,0,1,1,1,0,0,0,2,0,1,1,1,3,1,1,0,0,0,0,0,0,0,0,0,0,0,0,0,0,0,0,0,0,0,0,0,1,0,1,1,0,0,0,0,0,0,0,0,0,0,0,0,0,0,0,0,0,0,0,0,0,0,0,0,0,0,0,0,0,0,0,0,0,0,0,0,0,0,0,0,0,0,0,0,0,0,0,0,0,0,0,0,0,0,0,0,0,0,1,0,0,0,0,0,0,0,0,0,0,0,0,0,0,0,0,0,0,0,0
South West,REF,ROYAL CORNWALL HOSPITALS NHS TRUST,0,0,0,0,0,0,0,0,0,0,0,0,0,0,0,0,0,1,1,1,0,2,2,0,1,0,0,2,1,3,2,3,1,2,3,3,2,2,0,2,3,2,1,1,1,1,0,2,0,2,0,1,0,1,0,0,1,1,2,1,0,2,1,1,0,0,0,0,0,0,1,0,0,0,0,0,1,0,0,0,0,0,0,0,0,0,1,1,0,1,0,1,0,0,0,0,0,0,0,0,0,0,0,0,0,0,0,0,0,0,0,0,0,0,0,0,0,0,0,0,0,1,0,0,0,0,0,0,0,0,0,0,0,0,0,0,0,0,0,0,0,0,0,0,0,0,0,0,0,0,0,0,0,0,0,0,0,0,0,0,0,0,0,0,0,0,0,0,0,0,0,0,0
South West,RH8,ROYAL DEVON AND EXETER NHS FOUNDATION TRUST,0,0,0,0,0,0,0,0,0,0,0,0,0,0,0,0,0,0,0,0,0,0,1,1,0,0,1,1,3,2,0,1,1,0,2,1,1,1,1,3,0,3,0,0,2,1,1,2,2,0,1,1,0,0,0,1,0,2,0,0,1,1,0,0,0,1,0,1,1,0,0,0,0,0,0,0,0,0,0,0,0,0,0,0,0,0,0,0,0,0,0,0,0,0,0,0,0,0,1,0,1,0,0,1,0,1,0,0,0,0,0,0,1,0,0,0,0,0,0,0,0,0,0,0,0,0,0,0,0,0,0,0,0,0,0,0,0,0,0,0,0,0,0,0,0,0,0,0,0,0,0,0,0,0,0,0,0,0,0,0,0,0,0,0,0,0,0,0,0,0,0,0,0
South West,RD1,ROYAL UNITED HOSPITALS BATH NHS FOUNDATION TRUST,0,0,0,0,0,0,0,0,0,0,0,0,0,0,0,0,0,0,1,0,0,2,0,1,3,0,0,3,1,0,2,3,3,2,0,6,1,2,4,1,1,3,2,0,1,2,0,0,1,2,1,1,0,0,1,1,0,1,1,1,0,1,0,1,1,0,0,0,1,0,1,0,0,1,0,0,0,0,0,0,0,0,2,2,0,0,0,3,0,0,0,0,0,0,0,0,0,0,0,0,0,0,0,0,0,0,0,0,0,0,0,0,0,0,0,0,0,0,0,0,0,0,0,0,0,0,0,0,0,0,0,0,0,0,0,0,0,0,0,1,0,0,0,0,0,0,0,0,0,0,0,0,0,0,0,0,0,0,0,0,0,0,0,0,0,0,0,0,0,0,0,0,0
South West,RNZ,SALISBURY NHS FOUNDATION TRUST,0,0,0,0,0,0,0,0,0,0,0,1,0,0,0,0,0,0,0,0,0,0,0,0,0,1,0,0,1,1,1,1,4,1,1,2,3,0,2,2,1,1,1,2,1,1,0,3,3,1,0,2,1,2,1,1,2,1,0,0,0,2,0,1,0,0,0,0,0,1,0,0,1,0,0,1,0,0,0,0,0,0,1,1,0,0,0,0,0,0,1,0,0,0,1,0,0,0,0,0,0,0,0,0,0,1,0,0,0,0,0,0,0,0,0,0,0,0,0,0,0,0,0,0,0,0,0,0,0,0,0,0,0,0,0,0,0,0,0,0,0,0,0,0,0,0,0,0,0,0,0,0,0,0,0,0,0,0,0,0,0,0,0,0,0,0,0,0,0,0,0,0,0
South West,RBA,SOMERSET NHS FOUNDATION TRUST,0,0,0,0,0,0,0,0,0,0,0,0,0,0,0,0,0,0,0,0,0,0,0,0,0,0,0,0,0,0,0,1,0,1,0,2,2,1,2,0,0,1,2,0,5,1,1,0,1,1,3,0,0,3,0,0,0,0,0,1,0,1,0,0,0,0,0,2,1,0,0,1,1,0,0,0,0,0,1,0,0,0,1,0,0,1,0,1,2,0,1,0,0,1,0,1,0,0,0,0,0,0,0,0,0,0,0,0,0,0,0,0,0,0,0,0,0,0,0,0,0,0,0,0,0,0,0,0,0,0,0,0,0,0,0,0,0,0,0,0,0,0,0,0,0,0,0,0,0,0,0,0,0,0,0,0,0,0,0,0,0,0,0,0,0,0,0,0,0,0,0,0,0
South West,RBA,TAUNTON AND SOMERSET NHS FOUNDATION TRUST,0,0,0,0,0,0,0,0,0,0,0,0,0,0,0,0,0,0,0,0,0,0,0,0,0,1,1,1,1,2,0,0,0,0,0,0,0,0,0,0,0,0,0,0,0,0,0,0,0,0,0,0,0,0,0,0,0,0,0,0,0,0,0,0,0,0,0,0,0,0,0,0,0,0,0,0,0,0,0,0,0,0,0,0,0,0,0,0,0,0,0,0,0,0,0,0,0,0,0,0,0,0,0,0,0,0,0,0,0,0,0,0,0,0,0,0,0,0,0,0,0,0,0,0,0,0,0,0,0,0,0,0,0,0,0,0,0,0,0,0,0,0,0,0,0,0,0,0,0,0,0,0,0,0,0,0,0,0,0,0,0,0,0,0,0,0,0,0,0,0,0,0,0
South West,RDZ,THE ROYAL BOURNEMOUTH AND CHRISTCHURCH HOSPITALS NHS FOUNDATION TRUST,0,0,0,0,0,0,0,0,0,0,0,0,0,0,0,0,0,0,0,0,0,0,0,0,0,1,0,2,1,0,2,1,0,1,4,1,1,2,4,4,0,4,4,2,1,0,2,1,2,3,1,2,3,0,2,0,1,0,0,0,3,0,1,0,1,2,0,1,1,0,1,1,0,0,0,0,0,0,0,0,0,0,0,0,0,0,1,0,0,2,0,0,0,0,0,0,0,0,0,0,0,0,0,0,0,0,0,1,0,0,0,0,0,0,0,0,0,0,0,0,0,0,0,0,0,0,0,0,0,0,0,0,0,0,0,1,0,0,0,0,0,0,0,0,0,0,0,0,0,0,0,0,0,0,0,0,0,0,0,0,0,0,0,0,0,0,0,0,0,0,0,0,0
South West,RA9,TORBAY AND SOUTH DEVON NHS FOUNDATION TRUST,0,0,0,0,0,0,0,0,0,0,0,0,0,0,0,0,0,1,0,1,1,0,0,0,0,0,0,0,2,1,3,1,2,2,1,2,2,0,0,0,0,1,0,0,2,0,1,1,0,1,1,1,0,0,0,1,1,1,1,0,1,0,0,0,0,1,0,0,0,2,1,0,0,0,0,0,0,0,0,0,0,0,0,1,0,0,0,1,0,0,0,0,0,1,0,0,0,0,0,0,0,0,0,0,0,0,0,0,0,0,0,0,0,0,0,0,0,0,0,0,0,0,0,0,0,0,0,0,0,0,0,0,0,0,0,0,0,0,0,0,0,0,0,0,0,0,0,0,0,0,0,0,0,0,0,0,0,0,0,0,0,0,0,0,0,0,0,0,0,0,0,0,0
South West,RA7,UNIVERSITY HOSPITALS BRISTOL NHS FOUNDATION TRUST,0,0,0,0,0,0,0,0,0,0,0,0,0,0,1,0,0,0,0,0,1,0,0,2,0,1,2,1,2,0,3,0,2,1,0,3,3,7,2,3,3,2,4,3,2,3,3,1,2,1,4,2,3,1,2,1,1,3,0,0,1,1,0,0,1,2,3,4,5,1,1,0,2,3,2,2,1,1,2,1,5,0,2,3,2,1,2,3,1,2,3,1,0,1,0,3,1,0,0,1,2,0,1,1,1,0,0,0,1,0,0,0,1,0,0,1,0,0,2,0,0,0,0,0,0,0,0,0,0,0,1,0,1,0,0,0,0,0,0,0,0,0,0,0,0,0,0,0,0,0,0,0,0,0,0,0,0,0,0,0,0,0,0,0,0,0,0,0,0,0,0,0,0
South West,RK9,UNIVERSITY HOSPITALS PLYMOUTH NHS TRUST,0,0,0,0,0,0,0,0,0,0,0,0,0,0,0,0,0,0,0,0,0,0,2,0,1,0,0,0,0,2,2,1,1,2,2,2,2,1,1,4,4,4,1,2,0,0,4,2,3,2,3,0,5,1,1,2,2,2,0,2,2,0,0,0,0,0,2,2,1,0,2,1,1,0,0,1,0,0,1,0,1,0,0,0,0,0,1,0,0,0,0,0,0,1,0,0,0,0,0,1,0,0,0,0,0,0,0,0,0,0,0,0,0,0,0,0,1,0,0,0,0,0,0,0,0,0,0,0,0,0,0,0,0,0,0,0,0,0,0,0,0,0,0,0,0,0,0,0,0,0,0,0,0,0,0,0,0,0,0,0,0,0,0,0,0,0,0,0,0,0,0,0,0
South West,NQT5H,VIRGIN CARE LTD - PAULTON MEMORIAL HOSPITAL,0,0,0,0,0,0,0,0,0,0,0,0,0,0,0,0,0,0,0,0,0,0,0,0,0,0,0,0,0,0,1,0,0,0,0,0,0,0,1,0,0,1,0,0,0,0,0,0,0,0,0,0,0,0,0,0,0,1,0,0,0,0,0,0,0,0,0,0,0,0,0,0,0,0,0,0,0,0,0,0,0,0,0,0,0,0,0,0,0,0,0,0,0,0,0,0,0,0,0,0,0,0,0,0,0,0,0,0,0,0,0,0,0,0,0,0,0,0,0,0,0,0,0,0,0,0,0,0,0,0,0,0,0,0,0,0,0,0,0,0,0,0,0,0,0,0,0,0,0,0,0,0,0,0,0,0,0,0,0,0,0,0,0,0,0,0,0,0,0,0,0,0,0
South West,NQT5K,VIRGIN CARE LTD - ST MARTINS HOSPITAL,0,0,0,0,0,0,0,0,0,0,0,0,0,0,0,0,0,0,0,0,0,0,0,0,0,0,0,0,0,0,0,0,0,0,0,0,0,0,0,0,0,0,0,0,0,0,0,0,0,0,0,0,0,0,0,0,0,0,0,1,0,0,0,0,0,0,0,0,0,0,0,0,0,0,0,0,0,0,0,0,0,0,0,0,0,0,0,0,0,0,0,0,0,0,0,0,0,0,0,0,0,0,0,0,0,0,0,0,0,0,0,0,0,0,0,0,0,0,0,0,0,0,0,0,0,0,0,0,0,0,0,0,0,0,0,0,0,0,0,0,0,0,0,0,0,0,0,0,0,0,0,0,0,0,0,0,0,0,0,0,0,0,0,0,0,0,0,0,0,0,0,0,0
South West,RA3,WESTON AREA HEALTH NHS TRUST,0,0,0,0,0,0,0,0,0,0,0,0,0,0,0,0,0,0,0,0,0,0,0,1,0,0,0,0,0,0,0,0,0,0,1,0,0,0,0,0,0,0,0,0,0,0,0,0,0,0,0,0,0,0,0,0,0,0,0,0,0,0,0,0,0,0,0,0,0,0,0,0,0,0,0,0,0,0,0,0,0,0,0,0,0,0,0,0,0,0,0,0,0,0,0,0,0,0,0,0,0,0,0,0,0,0,0,0,0,0,0,0,0,0,0,0,0,0,0,0,0,0,0,0,0,0,0,0,0,0,0,0,0,0,0,0,0,0,0,0,0,0,0,0,0,0,0,0,0,0,0,0,0,0,0,0,0,0,0,0,0,0,0,0,0,0,0,0,0,0,0,0,0
South West,AXG01,WILTSHIRE HEALTH & CARE - CHIPPENHAM COMMUNITY HOSPITAL,0,0,0,0,0,0,0,0,0,0,0,0,0,0,0,0,0,0,0,0,0,0,0,0,0,0,0,0,0,0,0,0,0,0,1,0,0,0,0,0,0,0,0,0,0,0,0,0,0,0,0,0,0,0,0,0,0,0,0,0,0,0,0,0,0,0,0,0,0,1,0,0,0,0,0,0,0,0,0,0,0,0,0,0,0,0,0,0,0,0,0,0,0,0,0,0,0,0,0,0,0,0,0,0,0,0,0,0,0,0,0,0,0,0,0,0,0,0,0,0,0,0,0,0,0,0,0,0,0,0,0,0,0,0,0,0,0,0,0,0,0,0,0,0,0,0,0,0,0,0,0,0,0,0,0,0,0,0,0,0,0,0,0,0,0,0,0,0,0,0,0,0,0
South West,AXG02,WILTSHIRE HEALTH & CARE - SAVERNAKE COMMUNITY HOSPITAL,0,0,0,0,0,0,0,0,0,0,0,0,0,0,0,0,0,0,0,0,0,0,0,0,0,0,0,0,0,0,0,0,0,0,0,1,0,0,0,1,1,1,0,0,0,0,0,0,0,0,0,0,0,0,0,0,0,1,0,0,0,0,0,0,0,0,0,0,0,0,0,0,0,0,0,0,0,0,0,0,0,0,0,0,0,0,0,0,0,0,0,0,0,0,0,0,0,0,0,0,0,0,0,0,0,0,0,0,0,0,0,0,0,0,0,0,0,0,0,0,0,0,0,0,0,0,0,0,0,0,0,0,0,0,0,0,0,0,0,0,0,0,0,0,0,0,0,0,0,0,0,0,0,0,0,0,0,0,0,0,0,0,0,0,0,0,0,0,0,0,0,0,0
South West,AXG03,WILTSHIRE HEALTH & CARE - WARMINSTER COMMUNITY HOSPITAL,0,0,0,0,0,0,0,0,0,0,0,0,0,0,0,0,0,0,0,0,0,0,0,0,0,0,0,0,0,0,1,0,1,0,0,0,0,0,0,0,0,0,0,0,0,0,0,0,0,0,0,0,0,0,0,0,0,0,0,0,0,0,0,0,0,0,0,0,0,0,0,0,0,0,0,0,0,0,0,0,0,0,0,0,0,0,0,0,0,0,0,0,0,0,0,0,0,0,0,0,0,0,0,0,0,0,0,0,0,0,0,0,0,0,0,0,0,0,0,0,0,0,0,0,0,0,0,0,0,0,0,0,0,0,0,0,0,0,0,0,0,0,0,0,0,0,0,0,0,0,0,0,0,0,0,0,0,0,0,0,0,0,0,0,0,0,0,0,0,0,0,0,0
South West,RA4,YEOVIL DISTRICT HOSPITAL NHS FOUNDATION TRUST,0,0,0,0,0,0,0,0,0,0,0,0,0,0,0,0,0,0,0,0,1,0,0,0,0,0,0,0,0,0,0,1,0,1,0,0,0,2,2,0,0,1,0,0,2,0,0,0,0,0,0,1,1,1,1,0,0,0,1,3,0,0,0,0,0,1,0,0,0,0,0,1,0,1,0,0,0,0,0,0,0,0,0,0,1,0,0,0,0,3,0,0,0,1,0,0,0,0,0,0,0,0,0,0,0,0,0,0,0,0,0,0,0,0,0,0,0,0,0,0,0,0,0,0,0,0,0,0,0,0,0,0,0,0,0,0,0,0,0,0,0,0,0,0,0,0,0,0,0,0,0,0,0,0,0,0,0,0,0,0,0,0,0,0,0,0,0,0,0,0,0,0,0